Date,Advertiser,Advertiser ID,Order,Order ID,Total cost,Impressions,DPV,Purchases,Sales USD
6-Jan-20,Bausch & Lomb Inc,6.71902E+12,201912.2680_B&L_Lumify 2020_Jan20 - Dec20_XRTB_DPVR BEAUTY ENTHUSIASTS_Non MG,4.60485E+12,487.51,127712,85,0,0
7-Jan-20,Bausch & Lomb Inc,6.71902E+12,201912.2680_B&L_Lumify 2020_Jan20 - Dec20_XRTB_DPVR BEAUTY ENTHUSIASTS_Non MG,4.60485E+12,286.79,78030,193,1,16.97
8-Jan-20,Bausch & Lomb Inc,6.71902E+12,201912.2680_B&L_Lumify 2020_Jan20 - Dec20_XRTB_DPVR BEAUTY ENTHUSIASTS_Non MG,4.60485E+12,337.16,84055,278,16,253.04
9-Jan-20,Bausch & Lomb Inc,6.71902E+12,201912.2680_B&L_Lumify 2020_Jan20 - Dec20_XRTB_DPVR BEAUTY ENTHUSIASTS_Non MG,4.60485E+12,363.46,96980,287,11,148.87
10-Jan-20,Bausch & Lomb Inc,6.71902E+12,201912.2680_B&L_Lumify 2020_Jan20 - Dec20_XRTB_DPVR BEAUTY ENTHUSIASTS_Non MG,4.60485E+12,545.86,162443,220,3,41.34
11-Jan-20,Bausch & Lomb Inc,6.71902E+12,201912.2680_B&L_Lumify 2020_Jan20 - Dec20_XRTB_DPVR BEAUTY ENTHUSIASTS_Non MG,4.60485E+12,536.29,186219,204,3,33.81
12-Jan-20,Bausch & Lomb Inc,6.71902E+12,201912.2680_B&L_Lumify 2020_Jan20 - Dec20_XRTB_DPVR BEAUTY ENTHUSIASTS_Non MG,4.60485E+12,610.34,200615,205,6,119.09
13-Jan-20,Bausch & Lomb Inc,6.71902E+12,201912.2680_B&L_Lumify 2020_Jan20 - Dec20_XRTB_DPVR BEAUTY ENTHUSIASTS_Non MG,4.60485E+12,725.34,236550,219,8,111.58
14-Jan-20,Bausch & Lomb Inc,6.71902E+12,201912.2680_B&L_Lumify 2020_Jan20 - Dec20_XRTB_DPVR BEAUTY ENTHUSIASTS_Non MG,4.60485E+12,530.46,191399,176,8,116.51
15-Jan-20,Bausch & Lomb Inc,6.71902E+12,201912.2680_B&L_Lumify 2020_Jan20 - Dec20_XRTB_DPVR BEAUTY ENTHUSIASTS_Non MG,4.60485E+12,835.65,264072,257,4,70.62
16-Jan-20,Bausch & Lomb Inc,6.71902E+12,201912.2680_B&L_Lumify 2020_Jan20 - Dec20_XRTB_DPVR BEAUTY ENTHUSIASTS_Non MG,4.60485E+12,360.29,122871,163,5,70.27
17-Jan-20,Bausch & Lomb Inc,6.71902E+12,201912.2680_B&L_Lumify 2020_Jan20 - Dec20_XRTB_DPVR BEAUTY ENTHUSIASTS_Non MG,4.60485E+12,493.33,160964,221,12,196.29
18-Jan-20,Bausch & Lomb Inc,6.71902E+12,201912.2680_B&L_Lumify 2020_Jan20 - Dec20_XRTB_DPVR BEAUTY ENTHUSIASTS_Non MG,4.60485E+12,398.56,111311,147,5,81.24
19-Jan-20,Bausch & Lomb Inc,6.71902E+12,201912.2680_B&L_Lumify 2020_Jan20 - Dec20_XRTB_DPVR BEAUTY ENTHUSIASTS_Non MG,4.60485E+12,374.57,108815,147,2,29.24
20-Jan-20,Bausch & Lomb Inc,6.71902E+12,201912.2680_B&L_Lumify 2020_Jan20 - Dec20_XRTB_DPVR BEAUTY ENTHUSIASTS_Non MG,4.60485E+12,398.07,127967,173,5,70.34
21-Jan-20,Bausch & Lomb Inc,6.71902E+12,201912.2680_B&L_Lumify 2020_Jan20 - Dec20_XRTB_DPVR BEAUTY ENTHUSIASTS_Non MG,4.60485E+12,416.45,132229,189,5,79.45
22-Jan-20,Bausch & Lomb Inc,6.71902E+12,201912.2680_B&L_Lumify 2020_Jan20 - Dec20_XRTB_DPVR BEAUTY ENTHUSIASTS_Non MG,4.60485E+12,430.66,135256,183,9,143.91
23-Jan-20,Bausch & Lomb Inc,6.71902E+12,201912.2680_B&L_Lumify 2020_Jan20 - Dec20_XRTB_DPVR BEAUTY ENTHUSIASTS_Non MG,4.60485E+12,416,118911,203,9,132.97
24-Jan-20,Bausch & Lomb Inc,6.71902E+12,201912.2680_B&L_Lumify 2020_Jan20 - Dec20_XRTB_DPVR BEAUTY ENTHUSIASTS_Non MG,4.60485E+12,533.7,156092,164,8,110.88
25-Jan-20,Bausch & Lomb Inc,6.71902E+12,201912.2680_B&L_Lumify 2020_Jan20 - Dec20_XRTB_DPVR BEAUTY ENTHUSIASTS_Non MG,4.60485E+12,675.31,234527,229,3,91.62
26-Jan-20,Bausch & Lomb Inc,6.71902E+12,201912.2680_B&L_Lumify 2020_Jan20 - Dec20_XRTB_DPVR BEAUTY ENTHUSIASTS_Non MG,4.60485E+12,711.28,229395,251,6,113.78
27-Jan-20,Bausch & Lomb Inc,6.71902E+12,201912.2680_B&L_Lumify 2020_Jan20 - Dec20_XRTB_DPVR BEAUTY ENTHUSIASTS_Non MG,4.60485E+12,768.05,246774,220,7,130.85
28-Jan-20,Bausch & Lomb Inc,6.71902E+12,201912.2680_B&L_Lumify 2020_Jan20 - Dec20_XRTB_DPVR BEAUTY ENTHUSIASTS_Non MG,4.60485E+12,951.72,290619,204,6,96.47
29-Jan-20,Bausch & Lomb Inc,6.71902E+12,201912.2680_B&L_Lumify 2020_Jan20 - Dec20_XRTB_DPVR BEAUTY ENTHUSIASTS_Non MG,4.60485E+12,893.35,271788,285,8,130.39
30-Jan-20,Bausch & Lomb Inc,6.71902E+12,201912.2680_B&L_Lumify 2020_Jan20 - Dec20_XRTB_DPVR BEAUTY ENTHUSIASTS_Non MG,4.60485E+12,732.89,235982,240,9,117.88
31-Jan-20,Bausch & Lomb Inc,6.71902E+12,201912.2680_B&L_Lumify 2020_Jan20 - Dec20_XRTB_DPVR BEAUTY ENTHUSIASTS_Non MG,4.60485E+12,760.99,255227,259,12,226.55
1-Feb-20,Bausch & Lomb Inc,6.71902E+12,201912.2680_B&L_Lumify 2020_Jan20 - Dec20_XRTB_DPVR BEAUTY ENTHUSIASTS_Non MG,4.60485E+12,777.68,240250,226,10,160.99
2-Feb-20,Bausch & Lomb Inc,6.71902E+12,201912.2680_B&L_Lumify 2020_Jan20 - Dec20_XRTB_DPVR BEAUTY ENTHUSIASTS_Non MG,4.60485E+12,683.14,224512,213,10,170.27
3-Feb-20,Bausch & Lomb Inc,6.71902E+12,201912.2680_B&L_Lumify 2020_Jan20 - Dec20_XRTB_DPVR BEAUTY ENTHUSIASTS_Non MG,4.60485E+12,617.95,192730,237,7,113.76
4-Feb-20,Bausch & Lomb Inc,6.71902E+12,201912.2680_B&L_Lumify 2020_Jan20 - Dec20_XRTB_DPVR BEAUTY ENTHUSIASTS_Non MG,4.60485E+12,598.24,194005,268,5,101.57
5-Feb-20,Bausch & Lomb Inc,6.71902E+12,201912.2680_B&L_Lumify 2020_Jan20 - Dec20_XRTB_DPVR BEAUTY ENTHUSIASTS_Non MG,4.60485E+12,793.77,239874,322,3,31.65
6-Feb-20,Bausch & Lomb Inc,6.71902E+12,201912.2680_B&L_Lumify 2020_Jan20 - Dec20_XRTB_DPVR BEAUTY ENTHUSIASTS_Non MG,4.60485E+12,1397.77,396641,390,10,152.52
7-Feb-20,Bausch & Lomb Inc,6.71902E+12,201912.2680_B&L_Lumify 2020_Jan20 - Dec20_XRTB_DPVR BEAUTY ENTHUSIASTS_Non MG,4.60485E+12,80.18,23601,93,7,115.54
8-Feb-20,Bausch & Lomb Inc,6.71902E+12,201912.2680_B&L_Lumify 2020_Jan20 - Dec20_XRTB_DPVR BEAUTY ENTHUSIASTS_Non MG,4.60485E+12,62.89,20306,115,4,58.59
9-Feb-20,Bausch & Lomb Inc,6.71902E+12,201912.2680_B&L_Lumify 2020_Jan20 - Dec20_XRTB_DPVR BEAUTY ENTHUSIASTS_Non MG,4.60485E+12,74.36,23421,91,6,80.96
10-Feb-20,Bausch & Lomb Inc,6.71902E+12,201912.2680_B&L_Lumify 2020_Jan20 - Dec20_XRTB_DPVR BEAUTY ENTHUSIASTS_Non MG,4.60485E+12,80.72,24826,65,3,44.15
11-Feb-20,Bausch & Lomb Inc,6.71902E+12,201912.2680_B&L_Lumify 2020_Jan20 - Dec20_XRTB_DPVR BEAUTY ENTHUSIASTS_Non MG,4.60485E+12,58.29,19655,87,6,79.94
12-Feb-20,Bausch & Lomb Inc,6.71902E+12,201912.2680_B&L_Lumify 2020_Jan20 - Dec20_XRTB_DPVR BEAUTY ENTHUSIASTS_Non MG,4.60485E+12,59.67,19517,81,5,101.05
13-Feb-20,Bausch & Lomb Inc,6.71902E+12,201912.2680_B&L_Lumify 2020_Jan20 - Dec20_XRTB_DPVR BEAUTY ENTHUSIASTS_Non MG,4.60485E+12,59.82,19535,68,2,32.12
14-Feb-20,Bausch & Lomb Inc,6.71902E+12,201912.2680_B&L_Lumify 2020_Jan20 - Dec20_XRTB_DPVR BEAUTY ENTHUSIASTS_Non MG,4.60485E+12,58.33,18175,79,4,53.12
15-Feb-20,Bausch & Lomb Inc,6.71902E+12,201912.2680_B&L_Lumify 2020_Jan20 - Dec20_XRTB_DPVR BEAUTY ENTHUSIASTS_Non MG,4.60485E+12,67.69,20845,64,4,58.51
16-Feb-20,Bausch & Lomb Inc,6.71902E+12,201912.2680_B&L_Lumify 2020_Jan20 - Dec20_XRTB_DPVR BEAUTY ENTHUSIASTS_Non MG,4.60485E+12,64.05,19134,76,9,131.16
17-Feb-20,Bausch & Lomb Inc,6.71902E+12,201912.2680_B&L_Lumify 2020_Jan20 - Dec20_XRTB_DPVR BEAUTY ENTHUSIASTS_Non MG,4.60485E+12,56.54,16854,83,4,60.44
18-Feb-20,Bausch & Lomb Inc,6.71902E+12,201912.2680_B&L_Lumify 2020_Jan20 - Dec20_XRTB_DPVR BEAUTY ENTHUSIASTS_Non MG,4.60485E+12,64.05,20420,71,6,85.36
19-Feb-20,Bausch & Lomb Inc,6.71902E+12,201912.2680_B&L_Lumify 2020_Jan20 - Dec20_XRTB_DPVR BEAUTY ENTHUSIASTS_Non MG,4.60485E+12,64.31,20400,83,4,53.52
20-Feb-20,Bausch & Lomb Inc,6.71902E+12,201912.2680_B&L_Lumify 2020_Jan20 - Dec20_XRTB_DPVR BEAUTY ENTHUSIASTS_Non MG,4.60485E+12,593.4,170162,122,7,101.12
21-Feb-20,Bausch & Lomb Inc,6.71902E+12,201912.2680_B&L_Lumify 2020_Jan20 - Dec20_XRTB_DPVR BEAUTY ENTHUSIASTS_Non MG,4.60485E+12,490.88,158618,324,4,59.46
22-Feb-20,Bausch & Lomb Inc,6.71902E+12,201912.2680_B&L_Lumify 2020_Jan20 - Dec20_XRTB_DPVR BEAUTY ENTHUSIASTS_Non MG,4.60485E+12,536.52,167465,232,2,29.29
23-Feb-20,Bausch & Lomb Inc,6.71902E+12,201912.2680_B&L_Lumify 2020_Jan20 - Dec20_XRTB_DPVR BEAUTY ENTHUSIASTS_Non MG,4.60485E+12,376.83,125579,216,6,84.99
24-Feb-20,Bausch & Lomb Inc,6.71902E+12,201912.2680_B&L_Lumify 2020_Jan20 - Dec20_XRTB_DPVR BEAUTY ENTHUSIASTS_Non MG,4.60485E+12,415.7,133096,159,3,34.6
25-Feb-20,Bausch & Lomb Inc,6.71902E+12,201912.2680_B&L_Lumify 2020_Jan20 - Dec20_XRTB_DPVR BEAUTY ENTHUSIASTS_Non MG,4.60485E+12,301.85,100041,53,0,0
26-Feb-20,Bausch & Lomb Inc,6.71902E+12,201912.2680_B&L_Lumify 2020_Jan20 - Dec20_XRTB_DPVR BEAUTY ENTHUSIASTS_Non MG,4.60485E+12,76.66,25222,0,0,0
27-Feb-20,Bausch & Lomb Inc,6.71902E+12,201912.2680_B&L_Lumify 2020_Jan20 - Dec20_XRTB_DPVR BEAUTY ENTHUSIASTS_Non MG,4.60485E+12,0,0,0,0,0
28-Feb-20,Bausch & Lomb Inc,6.71902E+12,201912.2680_B&L_Lumify 2020_Jan20 - Dec20_XRTB_DPVR BEAUTY ENTHUSIASTS_Non MG,4.60485E+12,0,0,0,0,0
29-Feb-20,Bausch & Lomb Inc,6.71902E+12,201912.2680_B&L_Lumify 2020_Jan20 - Dec20_XRTB_DPVR BEAUTY ENTHUSIASTS_Non MG,4.60485E+12,0,0,0,0,0
1-Mar-20,Bausch & Lomb Inc,6.71902E+12,201912.2680_B&L_Lumify 2020_Jan20 - Dec20_XRTB_DPVR BEAUTY ENTHUSIASTS_Non MG,4.60485E+12,0,0,0,0,0
2-Mar-20,Bausch & Lomb Inc,6.71902E+12,201912.2680_B&L_Lumify 2020_Jan20 - Dec20_XRTB_DPVR BEAUTY ENTHUSIASTS_Non MG,4.60485E+12,104.87,33203,0,0,0
3-Mar-20,Bausch & Lomb Inc,6.71902E+12,201912.2680_B&L_Lumify 2020_Jan20 - Dec20_XRTB_DPVR BEAUTY ENTHUSIASTS_Non MG,4.60485E+12,249.34,85536,0,0,0
4-Mar-20,Bausch & Lomb Inc,6.71902E+12,201912.2680_B&L_Lumify 2020_Jan20 - Dec20_XRTB_DPVR BEAUTY ENTHUSIASTS_Non MG,4.60485E+12,77.8,26174,0,0,0
5-Mar-20,Bausch & Lomb Inc,6.71902E+12,201912.2680_B&L_Lumify 2020_Jan20 - Dec20_XRTB_DPVR BEAUTY ENTHUSIASTS_Non MG,4.60485E+12,0,0,0,0,0
6-Mar-20,Bausch & Lomb Inc,6.71902E+12,201912.2680_B&L_Lumify 2020_Jan20 - Dec20_XRTB_DPVR BEAUTY ENTHUSIASTS_Non MG,4.60485E+12,0,0,12,2,28.88
7-Mar-20,Bausch & Lomb Inc,6.71902E+12,201912.2680_B&L_Lumify 2020_Jan20 - Dec20_XRTB_DPVR BEAUTY ENTHUSIASTS_Non MG,4.60485E+12,0,0,14,0,0
8-Mar-20,Bausch & Lomb Inc,6.71902E+12,201912.2680_B&L_Lumify 2020_Jan20 - Dec20_XRTB_DPVR BEAUTY ENTHUSIASTS_Non MG,4.60485E+12,0,0,7,0,0
9-Mar-20,Bausch & Lomb Inc,6.71902E+12,201912.2680_B&L_Lumify 2020_Jan20 - Dec20_XRTB_DPVR BEAUTY ENTHUSIASTS_Non MG,4.60485E+12,0,0,6,1,28.8
10-Mar-20,Bausch & Lomb Inc,6.71902E+12,201912.2680_B&L_Lumify 2020_Jan20 - Dec20_XRTB_DPVR BEAUTY ENTHUSIASTS_Non MG,4.60485E+12,0,0,35,1,14.38
11-Mar-20,Bausch & Lomb Inc,6.71902E+12,201912.2680_B&L_Lumify 2020_Jan20 - Dec20_XRTB_DPVR BEAUTY ENTHUSIASTS_Non MG,4.60485E+12,347.48,120675,69,0,0
12-Mar-20,Bausch & Lomb Inc,6.71902E+12,201912.2680_B&L_Lumify 2020_Jan20 - Dec20_XRTB_DPVR BEAUTY ENTHUSIASTS_Non MG,4.60485E+12,541.76,206757,85,1,9.58
13-Mar-20,Bausch & Lomb Inc,6.71902E+12,201912.2680_B&L_Lumify 2020_Jan20 - Dec20_XRTB_DPVR BEAUTY ENTHUSIASTS_Non MG,4.60485E+12,663.72,218383,77,0,0
14-Mar-20,Bausch & Lomb Inc,6.71902E+12,201912.2680_B&L_Lumify 2020_Jan20 - Dec20_XRTB_DPVR BEAUTY ENTHUSIASTS_Non MG,4.60485E+12,839.42,290938,159,9,185.99
15-Mar-20,Bausch & Lomb Inc,6.71902E+12,201912.2680_B&L_Lumify 2020_Jan20 - Dec20_XRTB_DPVR BEAUTY ENTHUSIASTS_Non MG,4.60485E+12,802.58,243864,180,6,72.68
16-Mar-20,Bausch & Lomb Inc,6.71902E+12,201912.2680_B&L_Lumify 2020_Jan20 - Dec20_XRTB_DPVR BEAUTY ENTHUSIASTS_Non MG,4.60485E+12,827.41,265398,204,4,61.48
17-Mar-20,Bausch & Lomb Inc,6.71902E+12,201912.2680_B&L_Lumify 2020_Jan20 - Dec20_XRTB_DPVR BEAUTY ENTHUSIASTS_Non MG,4.60485E+12,909.13,272907,238,3,51.51
18-Mar-20,Bausch & Lomb Inc,6.71902E+12,201912.2680_B&L_Lumify 2020_Jan20 - Dec20_XRTB_DPVR BEAUTY ENTHUSIASTS_Non MG,4.60485E+12,624.36,187875,170,5,102.9
19-Mar-20,Bausch & Lomb Inc,6.71902E+12,201912.2680_B&L_Lumify 2020_Jan20 - Dec20_XRTB_DPVR BEAUTY ENTHUSIASTS_Non MG,4.60485E+12,0,0,16,3,96.85
20-Mar-20,Bausch & Lomb Inc,6.71902E+12,201912.2680_B&L_Lumify 2020_Jan20 - Dec20_XRTB_DPVR BEAUTY ENTHUSIASTS_Non MG,4.60485E+12,0,0,20,1,17.17
21-Mar-20,Bausch & Lomb Inc,6.71902E+12,201912.2680_B&L_Lumify 2020_Jan20 - Dec20_XRTB_DPVR BEAUTY ENTHUSIASTS_Non MG,4.60485E+12,0,0,15,0,0
22-Mar-20,Bausch & Lomb Inc,6.71902E+12,201912.2680_B&L_Lumify 2020_Jan20 - Dec20_XRTB_DPVR BEAUTY ENTHUSIASTS_Non MG,4.60485E+12,0,0,12,1,17.15
23-Mar-20,Bausch & Lomb Inc,6.71902E+12,201912.2680_B&L_Lumify 2020_Jan20 - Dec20_XRTB_DPVR BEAUTY ENTHUSIASTS_Non MG,4.60485E+12,0,0,16,2,34.3
24-Mar-20,Bausch & Lomb Inc,6.71902E+12,201912.2680_B&L_Lumify 2020_Jan20 - Dec20_XRTB_DPVR BEAUTY ENTHUSIASTS_Non MG,4.60485E+12,0,0,18,2,22.2
25-Mar-20,Bausch & Lomb Inc,6.71902E+12,201912.2680_B&L_Lumify 2020_Jan20 - Dec20_XRTB_DPVR BEAUTY ENTHUSIASTS_Non MG,4.60485E+12,0,0,6,1,33.9
26-Mar-20,Bausch & Lomb Inc,6.71902E+12,201912.2680_B&L_Lumify 2020_Jan20 - Dec20_XRTB_DPVR BEAUTY ENTHUSIASTS_Non MG,4.60485E+12,0,0,2,0,0
27-Mar-20,Bausch & Lomb Inc,6.71902E+12,201912.2680_B&L_Lumify 2020_Jan20 - Dec20_XRTB_DPVR BEAUTY ENTHUSIASTS_Non MG,4.60485E+12,0,0,12,2,25.41
28-Mar-20,Bausch & Lomb Inc,6.71902E+12,201912.2680_B&L_Lumify 2020_Jan20 - Dec20_XRTB_DPVR BEAUTY ENTHUSIASTS_Non MG,4.60485E+12,0,0,12,2,31.94
29-Mar-20,Bausch & Lomb Inc,6.71902E+12,201912.2680_B&L_Lumify 2020_Jan20 - Dec20_XRTB_DPVR BEAUTY ENTHUSIASTS_Non MG,4.60485E+12,0,0,3,0,0
30-Mar-20,Bausch & Lomb Inc,6.71902E+12,201912.2680_B&L_Lumify 2020_Jan20 - Dec20_XRTB_DPVR BEAUTY ENTHUSIASTS_Non MG,4.60485E+12,0,0,4,0,0
31-Mar-20,Bausch & Lomb Inc,6.71902E+12,201912.2680_B&L_Lumify 2020_Jan20 - Dec20_XRTB_DPVR BEAUTY ENTHUSIASTS_Non MG,4.60485E+12,0,0,1,0,0
1-Apr-20,Bausch & Lomb Inc,6.71902E+12,201912.2680_B&L_Lumify 2020_Jan20 - Dec20_XRTB_DPVR BEAUTY ENTHUSIASTS_Non MG,4.60485E+12,722.98,250667,127,1,16.86
2-Apr-20,Bausch & Lomb Inc,6.71902E+12,201912.2680_B&L_Lumify 2020_Jan20 - Dec20_XRTB_DPVR BEAUTY ENTHUSIASTS_Non MG,4.60485E+12,841.68,368658,317,1,16.78
3-Apr-20,Bausch & Lomb Inc,6.71902E+12,201912.2680_B&L_Lumify 2020_Jan20 - Dec20_XRTB_DPVR BEAUTY ENTHUSIASTS_Non MG,4.60485E+12,855.89,330607,554,5,77.97
4-Apr-20,Bausch & Lomb Inc,6.71902E+12,201912.2680_B&L_Lumify 2020_Jan20 - Dec20_XRTB_DPVR BEAUTY ENTHUSIASTS_Non MG,4.60485E+12,576.96,206529,272,4,66.69
5-Apr-20,Bausch & Lomb Inc,6.71902E+12,201912.2680_B&L_Lumify 2020_Jan20 - Dec20_XRTB_DPVR BEAUTY ENTHUSIASTS_Non MG,4.60485E+12,701.61,254849,351,1,16.65
6-Apr-20,Bausch & Lomb Inc,6.71902E+12,201912.2680_B&L_Lumify 2020_Jan20 - Dec20_XRTB_DPVR BEAUTY ENTHUSIASTS_Non MG,4.60485E+12,624.33,241922,322,2,32.71
7-Apr-20,Bausch & Lomb Inc,6.71902E+12,201912.2680_B&L_Lumify 2020_Jan20 - Dec20_XRTB_DPVR BEAUTY ENTHUSIASTS_Non MG,4.60485E+12,619.79,249295,372,2,32.09
8-Apr-20,Bausch & Lomb Inc,6.71902E+12,201912.2680_B&L_Lumify 2020_Jan20 - Dec20_XRTB_DPVR BEAUTY ENTHUSIASTS_Non MG,4.60485E+12,744.27,296712,476,4,87.16
9-Apr-20,Bausch & Lomb Inc,6.71902E+12,201912.2680_B&L_Lumify 2020_Jan20 - Dec20_XRTB_DPVR BEAUTY ENTHUSIASTS_Non MG,4.60485E+12,461.87,183662,379,3,41.28
10-Apr-20,Bausch & Lomb Inc,6.71902E+12,201912.2680_B&L_Lumify 2020_Jan20 - Dec20_XRTB_DPVR BEAUTY ENTHUSIASTS_Non MG,4.60485E+12,459.49,168144,349,4,57.03
11-Apr-20,Bausch & Lomb Inc,6.71902E+12,201912.2680_B&L_Lumify 2020_Jan20 - Dec20_XRTB_DPVR BEAUTY ENTHUSIASTS_Non MG,4.60485E+12,431.92,163327,371,5,59.82
12-Apr-20,Bausch & Lomb Inc,6.71902E+12,201912.2680_B&L_Lumify 2020_Jan20 - Dec20_XRTB_DPVR BEAUTY ENTHUSIASTS_Non MG,4.60485E+12,429.31,172283,449,3,49.07
13-Apr-20,Bausch & Lomb Inc,6.71902E+12,201912.2680_B&L_Lumify 2020_Jan20 - Dec20_XRTB_DPVR BEAUTY ENTHUSIASTS_Non MG,4.60485E+12,530.93,213212,483,3,52.41
14-Apr-20,Bausch & Lomb Inc,6.71902E+12,201912.2680_B&L_Lumify 2020_Jan20 - Dec20_XRTB_DPVR BEAUTY ENTHUSIASTS_Non MG,4.60485E+12,705.61,287211,522,3,86.93
15-Apr-20,Bausch & Lomb Inc,6.71902E+12,201912.2680_B&L_Lumify 2020_Jan20 - Dec20_XRTB_DPVR BEAUTY ENTHUSIASTS_Non MG,4.60485E+12,823.19,321663,592,5,100.68
16-Apr-20,Bausch & Lomb Inc,6.71902E+12,201912.2680_B&L_Lumify 2020_Jan20 - Dec20_XRTB_DPVR BEAUTY ENTHUSIASTS_Non MG,4.60485E+12,667.89,285298,622,5,108.2
17-Apr-20,Bausch & Lomb Inc,6.71902E+12,201912.2680_B&L_Lumify 2020_Jan20 - Dec20_XRTB_DPVR BEAUTY ENTHUSIASTS_Non MG,4.60485E+12,651.9,260237,369,4,59.62
18-Apr-20,Bausch & Lomb Inc,6.71902E+12,201912.2680_B&L_Lumify 2020_Jan20 - Dec20_XRTB_DPVR BEAUTY ENTHUSIASTS_Non MG,4.60485E+12,647.77,258447,377,7,127.9
19-Apr-20,Bausch & Lomb Inc,6.71902E+12,201912.2680_B&L_Lumify 2020_Jan20 - Dec20_XRTB_DPVR BEAUTY ENTHUSIASTS_Non MG,4.60485E+12,655.45,263370,354,3,38.76
20-Apr-20,Bausch & Lomb Inc,6.71902E+12,201912.2680_B&L_Lumify 2020_Jan20 - Dec20_XRTB_DPVR BEAUTY ENTHUSIASTS_Non MG,4.60485E+12,703.18,278276,372,8,119
21-Apr-20,Bausch & Lomb Inc,6.71902E+12,201912.2680_B&L_Lumify 2020_Jan20 - Dec20_XRTB_DPVR BEAUTY ENTHUSIASTS_Non MG,4.60485E+12,634.26,257668,317,2,35.38
22-Apr-20,Bausch & Lomb Inc,6.71902E+12,201912.2680_B&L_Lumify 2020_Jan20 - Dec20_XRTB_DPVR BEAUTY ENTHUSIASTS_Non MG,4.60485E+12,650.63,247711,278,2,27.67
23-Apr-20,Bausch & Lomb Inc,6.71902E+12,201912.2680_B&L_Lumify 2020_Jan20 - Dec20_XRTB_DPVR BEAUTY ENTHUSIASTS_Non MG,4.60485E+12,659.98,256046,401,4,71.41
24-Apr-20,Bausch & Lomb Inc,6.71902E+12,201912.2680_B&L_Lumify 2020_Jan20 - Dec20_XRTB_DPVR BEAUTY ENTHUSIASTS_Non MG,4.60485E+12,372.31,156388,361,4,58.93
25-Apr-20,Bausch & Lomb Inc,6.71902E+12,201912.2680_B&L_Lumify 2020_Jan20 - Dec20_XRTB_DPVR BEAUTY ENTHUSIASTS_Non MG,4.60485E+12,267.18,108157,280,1,16.28
26-Apr-20,Bausch & Lomb Inc,6.71902E+12,201912.2680_B&L_Lumify 2020_Jan20 - Dec20_XRTB_DPVR BEAUTY ENTHUSIASTS_Non MG,4.60485E+12,254.31,104012,319,3,40.3
27-Apr-20,Bausch & Lomb Inc,6.71902E+12,201912.2680_B&L_Lumify 2020_Jan20 - Dec20_XRTB_DPVR BEAUTY ENTHUSIASTS_Non MG,4.60485E+12,346.78,141163,293,5,88.93
28-Apr-20,Bausch & Lomb Inc,6.71902E+12,201912.2680_B&L_Lumify 2020_Jan20 - Dec20_XRTB_DPVR BEAUTY ENTHUSIASTS_Non MG,4.60485E+12,158.38,63351,218,5,62.52
29-Apr-20,Bausch & Lomb Inc,6.71902E+12,201912.2680_B&L_Lumify 2020_Jan20 - Dec20_XRTB_DPVR BEAUTY ENTHUSIASTS_Non MG,4.60485E+12,289.61,110790,328,5,82.65
30-Apr-20,Bausch & Lomb Inc,6.71902E+12,201912.2680_B&L_Lumify 2020_Jan20 - Dec20_XRTB_DPVR BEAUTY ENTHUSIASTS_Non MG,4.60485E+12,252.03,98103,353,6,94.48
1-May-20,Bausch & Lomb Inc,6.71902E+12,201912.2680_B&L_Lumify 2020_Jan20 - Dec20_XRTB_DPVR BEAUTY ENTHUSIASTS_Non MG,4.60485E+12,195.07,70396,83,5,77.28
2-May-20,Bausch & Lomb Inc,6.71902E+12,201912.2680_B&L_Lumify 2020_Jan20 - Dec20_XRTB_DPVR BEAUTY ENTHUSIASTS_Non MG,4.60485E+12,694.71,216720,559,5,101.38
3-May-20,Bausch & Lomb Inc,6.71902E+12,201912.2680_B&L_Lumify 2020_Jan20 - Dec20_XRTB_DPVR BEAUTY ENTHUSIASTS_Non MG,4.60485E+12,695.59,212185,701,7,100.88
4-May-20,Bausch & Lomb Inc,6.71902E+12,201912.2680_B&L_Lumify 2020_Jan20 - Dec20_XRTB_DPVR BEAUTY ENTHUSIASTS_Non MG,4.60485E+12,697.38,231457,342,6,76.17
5-May-20,Bausch & Lomb Inc,6.71902E+12,201912.2680_B&L_Lumify 2020_Jan20 - Dec20_XRTB_DPVR BEAUTY ENTHUSIASTS_Non MG,4.60485E+12,745.12,246067,54,4,102.16
6-May-20,Bausch & Lomb Inc,6.71902E+12,201912.2680_B&L_Lumify 2020_Jan20 - Dec20_XRTB_DPVR BEAUTY ENTHUSIASTS_Non MG,4.60485E+12,563.89,189575,385,1,15.93
7-May-20,Bausch & Lomb Inc,6.71902E+12,201912.2680_B&L_Lumify 2020_Jan20 - Dec20_XRTB_DPVR BEAUTY ENTHUSIASTS_Non MG,4.60485E+12,832.04,233355,326,1,15.97
8-May-20,Bausch & Lomb Inc,6.71902E+12,201912.2680_B&L_Lumify 2020_Jan20 - Dec20_XRTB_DPVR BEAUTY ENTHUSIASTS_Non MG,4.60485E+12,332.9,123807,302,0,0
9-May-20,Bausch & Lomb Inc,6.71902E+12,201912.2680_B&L_Lumify 2020_Jan20 - Dec20_XRTB_DPVR BEAUTY ENTHUSIASTS_Non MG,4.60485E+12,335.29,111012,329,7,106.33
6-Jan-20,Bausch & Lomb Inc,6.71902E+12,201912.2680_Bausch & Lomb_WM NY_ Lumify 2020_VCB_Jan20 - Mar20_XRTV,5.00945E+12,1445.45,46249,424,1,10.95
7-Jan-20,Bausch & Lomb Inc,6.71902E+12,201912.2680_Bausch & Lomb_WM NY_ Lumify 2020_VCB_Jan20 - Mar20_XRTV,5.00945E+12,1588.68,72272,964,1,33.94
8-Jan-20,Bausch & Lomb Inc,6.71902E+12,201912.2680_Bausch & Lomb_WM NY_ Lumify 2020_VCB_Jan20 - Mar20_XRTV,5.00945E+12,1626.52,73890,971,6,92.72
9-Jan-20,Bausch & Lomb Inc,6.71902E+12,201912.2680_Bausch & Lomb_WM NY_ Lumify 2020_VCB_Jan20 - Mar20_XRTV,5.00945E+12,1116.81,53390,531,1,15.01
10-Jan-20,Bausch & Lomb Inc,6.71902E+12,201912.2680_Bausch & Lomb_WM NY_ Lumify 2020_VCB_Jan20 - Mar20_XRTV,5.00945E+12,1971.82,85790,1219,4,56.32
11-Jan-20,Bausch & Lomb Inc,6.71902E+12,201912.2680_Bausch & Lomb_WM NY_ Lumify 2020_VCB_Jan20 - Mar20_XRTV,5.00945E+12,1534.74,68733,1050,3,64.37
12-Jan-20,Bausch & Lomb Inc,6.71902E+12,201912.2680_Bausch & Lomb_WM NY_ Lumify 2020_VCB_Jan20 - Mar20_XRTV,5.00945E+12,1519.52,69351,771,4,60.42
13-Jan-20,Bausch & Lomb Inc,6.71902E+12,201912.2680_Bausch & Lomb_WM NY_ Lumify 2020_VCB_Jan20 - Mar20_XRTV,5.00945E+12,1431.1,50417,720,4,94.38
14-Jan-20,Bausch & Lomb Inc,6.71902E+12,201912.2680_Bausch & Lomb_WM NY_ Lumify 2020_VCB_Jan20 - Mar20_XRTV,5.00945E+12,1440.08,62991,781,6,86.21
15-Jan-20,Bausch & Lomb Inc,6.71902E+12,201912.2680_Bausch & Lomb_WM NY_ Lumify 2020_VCB_Jan20 - Mar20_XRTV,5.00945E+12,2504.32,101409,758,2,30.01
16-Jan-20,Bausch & Lomb Inc,6.71902E+12,201912.2680_Bausch & Lomb_WM NY_ Lumify 2020_VCB_Jan20 - Mar20_XRTV,5.00945E+12,3929.22,152309,892,8,139
17-Jan-20,Bausch & Lomb Inc,6.71902E+12,201912.2680_Bausch & Lomb_WM NY_ Lumify 2020_VCB_Jan20 - Mar20_XRTV,5.00945E+12,4410.63,164047,914,3,40.74
18-Jan-20,Bausch & Lomb Inc,6.71902E+12,201912.2680_Bausch & Lomb_WM NY_ Lumify 2020_VCB_Jan20 - Mar20_XRTV,5.00945E+12,4868.13,185974,966,3,57.42
19-Jan-20,Bausch & Lomb Inc,6.71902E+12,201912.2680_Bausch & Lomb_WM NY_ Lumify 2020_VCB_Jan20 - Mar20_XRTV,5.00945E+12,4898.75,189039,800,6,102.49
20-Jan-20,Bausch & Lomb Inc,6.71902E+12,201912.2680_Bausch & Lomb_WM NY_ Lumify 2020_VCB_Jan20 - Mar20_XRTV,5.00945E+12,3247.28,139599,718,6,155.14
21-Jan-20,Bausch & Lomb Inc,6.71902E+12,201912.2680_Bausch & Lomb_WM NY_ Lumify 2020_VCB_Jan20 - Mar20_XRTV,5.00945E+12,1484.43,63319,422,11,204.28
22-Jan-20,Bausch & Lomb Inc,6.71902E+12,201912.2680_Bausch & Lomb_WM NY_ Lumify 2020_VCB_Jan20 - Mar20_XRTV,5.00945E+12,20.53,744,55,3,73.97
23-Jan-20,Bausch & Lomb Inc,6.71902E+12,201912.2680_Bausch & Lomb_WM NY_ Lumify 2020_VCB_Jan20 - Mar20_XRTV,5.00945E+12,14.56,457,68,3,40
24-Jan-20,Bausch & Lomb Inc,6.71902E+12,201912.2680_Bausch & Lomb_WM NY_ Lumify 2020_VCB_Jan20 - Mar20_XRTV,5.00945E+12,14.39,445,61,5,89.28
25-Jan-20,Bausch & Lomb Inc,6.71902E+12,201912.2680_Bausch & Lomb_WM NY_ Lumify 2020_VCB_Jan20 - Mar20_XRTV,5.00945E+12,21.14,688,46,1,16.2
26-Jan-20,Bausch & Lomb Inc,6.71902E+12,201912.2680_Bausch & Lomb_WM NY_ Lumify 2020_VCB_Jan20 - Mar20_XRTV,5.00945E+12,15.52,503,41,2,46.29
27-Jan-20,Bausch & Lomb Inc,6.71902E+12,201912.2680_Bausch & Lomb_WM NY_ Lumify 2020_VCB_Jan20 - Mar20_XRTV,5.00945E+12,15.42,489,42,2,60.18
28-Jan-20,Bausch & Lomb Inc,6.71902E+12,201912.2680_Bausch & Lomb_WM NY_ Lumify 2020_VCB_Jan20 - Mar20_XRTV,5.00945E+12,14.23,456,39,2,35.43
29-Jan-20,Bausch & Lomb Inc,6.71902E+12,201912.2680_Bausch & Lomb_WM NY_ Lumify 2020_VCB_Jan20 - Mar20_XRTV,5.00945E+12,17.94,596,24,2,41.62
30-Jan-20,Bausch & Lomb Inc,6.71902E+12,201912.2680_Bausch & Lomb_WM NY_ Lumify 2020_VCB_Jan20 - Mar20_XRTV,5.00945E+12,15.09,489,30,2,21.48
31-Jan-20,Bausch & Lomb Inc,6.71902E+12,201912.2680_Bausch & Lomb_WM NY_ Lumify 2020_VCB_Jan20 - Mar20_XRTV,5.00945E+12,23.7,746,29,5,72.58
1-Feb-20,Bausch & Lomb Inc,6.71902E+12,201912.2680_Bausch & Lomb_WM NY_ Lumify 2020_VCB_Jan20 - Mar20_XRTV,5.00945E+12,18.04,579,23,1,10.97
2-Feb-20,Bausch & Lomb Inc,6.71902E+12,201912.2680_Bausch & Lomb_WM NY_ Lumify 2020_VCB_Jan20 - Mar20_XRTV,5.00945E+12,17.48,566,24,1,24.69
3-Feb-20,Bausch & Lomb Inc,6.71902E+12,201912.2680_Bausch & Lomb_WM NY_ Lumify 2020_VCB_Jan20 - Mar20_XRTV,5.00945E+12,22.26,687,23,0,0
4-Feb-20,Bausch & Lomb Inc,6.71902E+12,201912.2680_Bausch & Lomb_WM NY_ Lumify 2020_VCB_Jan20 - Mar20_XRTV,5.00945E+12,14.62,517,15,0,0
5-Feb-20,Bausch & Lomb Inc,6.71902E+12,201912.2680_Bausch & Lomb_WM NY_ Lumify 2020_VCB_Jan20 - Mar20_XRTV,5.00945E+12,15.6,532,17,0,0
6-Feb-20,Bausch & Lomb Inc,6.71902E+12,201912.2680_Bausch & Lomb_WM NY_ Lumify 2020_VCB_Jan20 - Mar20_XRTV,5.00945E+12,33.41,1425,10,0,0
7-Feb-20,Bausch & Lomb Inc,6.71902E+12,201912.2680_Bausch & Lomb_WM NY_ Lumify 2020_VCB_Jan20 - Mar20_XRTV,5.00945E+12,321.88,11655,213,0,0
8-Feb-20,Bausch & Lomb Inc,6.71902E+12,201912.2680_Bausch & Lomb_WM NY_ Lumify 2020_VCB_Jan20 - Mar20_XRTV,5.00945E+12,769.73,26942,379,1,27.5
9-Feb-20,Bausch & Lomb Inc,6.71902E+12,201912.2680_Bausch & Lomb_WM NY_ Lumify 2020_VCB_Jan20 - Mar20_XRTV,5.00945E+12,753.45,25030,348,0,0
10-Feb-20,Bausch & Lomb Inc,6.71902E+12,201912.2680_Bausch & Lomb_WM NY_ Lumify 2020_VCB_Jan20 - Mar20_XRTV,5.00945E+12,787.1,27736,485,0,0
11-Feb-20,Bausch & Lomb Inc,6.71902E+12,201912.2680_Bausch & Lomb_WM NY_ Lumify 2020_VCB_Jan20 - Mar20_XRTV,5.00945E+12,757.58,24862,447,3,42.78
12-Feb-20,Bausch & Lomb Inc,6.71902E+12,201912.2680_Bausch & Lomb_WM NY_ Lumify 2020_VCB_Jan20 - Mar20_XRTV,5.00945E+12,760.48,26685,465,3,48.15
13-Feb-20,Bausch & Lomb Inc,6.71902E+12,201912.2680_Bausch & Lomb_WM NY_ Lumify 2020_VCB_Jan20 - Mar20_XRTV,5.00945E+12,757.36,25088,450,1,10.5
14-Feb-20,Bausch & Lomb Inc,6.71902E+12,201912.2680_Bausch & Lomb_WM NY_ Lumify 2020_VCB_Jan20 - Mar20_XRTV,5.00945E+12,756.66,27549,390,1,16.06
15-Feb-20,Bausch & Lomb Inc,6.71902E+12,201912.2680_Bausch & Lomb_WM NY_ Lumify 2020_VCB_Jan20 - Mar20_XRTV,5.00945E+12,754.63,29088,355,1,27.5
16-Feb-20,Bausch & Lomb Inc,6.71902E+12,201912.2680_Bausch & Lomb_WM NY_ Lumify 2020_VCB_Jan20 - Mar20_XRTV,5.00945E+12,754.04,27943,324,3,41.98
17-Feb-20,Bausch & Lomb Inc,6.71902E+12,201912.2680_Bausch & Lomb_WM NY_ Lumify 2020_VCB_Jan20 - Mar20_XRTV,5.00945E+12,387.76,11877,393,5,80.59
18-Feb-20,Bausch & Lomb Inc,6.71902E+12,201912.2680_Bausch & Lomb_WM NY_ Lumify 2020_VCB_Jan20 - Mar20_XRTV,5.00945E+12,785.8,28890,718,2,39.6
19-Feb-20,Bausch & Lomb Inc,6.71902E+12,201912.2680_Bausch & Lomb_WM NY_ Lumify 2020_VCB_Jan20 - Mar20_XRTV,5.00945E+12,609.68,23314,415,3,53.49
20-Feb-20,Bausch & Lomb Inc,6.71902E+12,201912.2680_Bausch & Lomb_WM NY_ Lumify 2020_VCB_Jan20 - Mar20_XRTV,5.00945E+12,636.5,27467,388,1,14.48
21-Feb-20,Bausch & Lomb Inc,6.71902E+12,201912.2680_Bausch & Lomb_WM NY_ Lumify 2020_VCB_Jan20 - Mar20_XRTV,5.00945E+12,804.43,36273,328,3,44.75
22-Feb-20,Bausch & Lomb Inc,6.71902E+12,201912.2680_Bausch & Lomb_WM NY_ Lumify 2020_VCB_Jan20 - Mar20_XRTV,5.00945E+12,817.02,35321,304,1,25.35
23-Feb-20,Bausch & Lomb Inc,6.71902E+12,201912.2680_Bausch & Lomb_WM NY_ Lumify 2020_VCB_Jan20 - Mar20_XRTV,5.00945E+12,815.39,33294,371,3,40.22
24-Feb-20,Bausch & Lomb Inc,6.71902E+12,201912.2680_Bausch & Lomb_WM NY_ Lumify 2020_VCB_Jan20 - Mar20_XRTV,5.00945E+12,777.92,29004,353,4,53.5
25-Feb-20,Bausch & Lomb Inc,6.71902E+12,201912.2680_Bausch & Lomb_WM NY_ Lumify 2020_VCB_Jan20 - Mar20_XRTV,5.00945E+12,849.53,31699,117,0,0
26-Feb-20,Bausch & Lomb Inc,6.71902E+12,201912.2680_Bausch & Lomb_WM NY_ Lumify 2020_VCB_Jan20 - Mar20_XRTV,5.00945E+12,40.75,1391,0,0,0
27-Feb-20,Bausch & Lomb Inc,6.71902E+12,201912.2680_Bausch & Lomb_WM NY_ Lumify 2020_VCB_Jan20 - Mar20_XRTV,5.00945E+12,0,0,0,0,0
28-Feb-20,Bausch & Lomb Inc,6.71902E+12,201912.2680_Bausch & Lomb_WM NY_ Lumify 2020_VCB_Jan20 - Mar20_XRTV,5.00945E+12,0,0,0,0,0
29-Feb-20,Bausch & Lomb Inc,6.71902E+12,201912.2680_Bausch & Lomb_WM NY_ Lumify 2020_VCB_Jan20 - Mar20_XRTV,5.00945E+12,0,0,0,0,0
1-Mar-20,Bausch & Lomb Inc,6.71902E+12,201912.2680_Bausch & Lomb_WM NY_ Lumify 2020_VCB_Jan20 - Mar20_XRTV,5.00945E+12,0,0,0,0,0
2-Mar-20,Bausch & Lomb Inc,6.71902E+12,201912.2680_Bausch & Lomb_WM NY_ Lumify 2020_VCB_Jan20 - Mar20_XRTV,5.00945E+12,230.48,8959,0,0,0
3-Mar-20,Bausch & Lomb Inc,6.71902E+12,201912.2680_Bausch & Lomb_WM NY_ Lumify 2020_VCB_Jan20 - Mar20_XRTV,5.00945E+12,645.82,27516,0,0,0
4-Mar-20,Bausch & Lomb Inc,6.71902E+12,201912.2680_Bausch & Lomb_WM NY_ Lumify 2020_VCB_Jan20 - Mar20_XRTV,5.00945E+12,204.11,9303,0,0,0
5-Mar-20,Bausch & Lomb Inc,6.71902E+12,201912.2680_Bausch & Lomb_WM NY_ Lumify 2020_VCB_Jan20 - Mar20_XRTV,5.00945E+12,0,0,0,0,0
6-Mar-20,Bausch & Lomb Inc,6.71902E+12,201912.2680_Bausch & Lomb_WM NY_ Lumify 2020_VCB_Jan20 - Mar20_XRTV,5.00945E+12,0,0,11,3,38.94
7-Mar-20,Bausch & Lomb Inc,6.71902E+12,201912.2680_Bausch & Lomb_WM NY_ Lumify 2020_VCB_Jan20 - Mar20_XRTV,5.00945E+12,0,0,3,2,33.84
8-Mar-20,Bausch & Lomb Inc,6.71902E+12,201912.2680_Bausch & Lomb_WM NY_ Lumify 2020_VCB_Jan20 - Mar20_XRTV,5.00945E+12,0,0,6,2,24.12
9-Mar-20,Bausch & Lomb Inc,6.71902E+12,201912.2680_Bausch & Lomb_WM NY_ Lumify 2020_VCB_Jan20 - Mar20_XRTV,5.00945E+12,0,0,0,0,0
10-Mar-20,Bausch & Lomb Inc,6.71902E+12,201912.2680_Bausch & Lomb_WM NY_ Lumify 2020_VCB_Jan20 - Mar20_XRTV,5.00945E+12,0,0,2,1,9.65
11-Mar-20,Bausch & Lomb Inc,6.71902E+12,201912.2680_Bausch & Lomb_WM NY_ Lumify 2020_VCB_Jan20 - Mar20_XRTV,5.00945E+12,853.29,38555,305,0,0
12-Mar-20,Bausch & Lomb Inc,6.71902E+12,201912.2680_Bausch & Lomb_WM NY_ Lumify 2020_VCB_Jan20 - Mar20_XRTV,5.00945E+12,1152.29,60129,429,3,59.79
13-Mar-20,Bausch & Lomb Inc,6.71902E+12,201912.2680_Bausch & Lomb_WM NY_ Lumify 2020_VCB_Jan20 - Mar20_XRTV,5.00945E+12,852.99,45145,586,2,31.66
14-Mar-20,Bausch & Lomb Inc,6.71902E+12,201912.2680_Bausch & Lomb_WM NY_ Lumify 2020_VCB_Jan20 - Mar20_XRTV,5.00945E+12,840.09,42833,583,1,16.97
15-Mar-20,Bausch & Lomb Inc,6.71902E+12,201912.2680_Bausch & Lomb_WM NY_ Lumify 2020_VCB_Jan20 - Mar20_XRTV,5.00945E+12,848.65,34584,633,3,53.75
16-Mar-20,Bausch & Lomb Inc,6.71902E+12,201912.2680_Bausch & Lomb_WM NY_ Lumify 2020_VCB_Jan20 - Mar20_XRTV,5.00945E+12,834.13,33249,683,2,27.14
17-Mar-20,Bausch & Lomb Inc,6.71902E+12,201912.2680_Bausch & Lomb_WM NY_ Lumify 2020_VCB_Jan20 - Mar20_XRTV,5.00945E+12,831.26,33079,660,5,95.67
18-Mar-20,Bausch & Lomb Inc,6.71902E+12,201912.2680_Bausch & Lomb_WM NY_ Lumify 2020_VCB_Jan20 - Mar20_XRTV,5.00945E+12,442.54,17533,451,1,17.15
19-Mar-20,Bausch & Lomb Inc,6.71902E+12,201912.2680_Bausch & Lomb_WM NY_ Lumify 2020_VCB_Jan20 - Mar20_XRTV,5.00945E+12,0,0,13,3,45.4
20-Mar-20,Bausch & Lomb Inc,6.71902E+12,201912.2680_Bausch & Lomb_WM NY_ Lumify 2020_VCB_Jan20 - Mar20_XRTV,5.00945E+12,0,0,10,1,11.1
21-Mar-20,Bausch & Lomb Inc,6.71902E+12,201912.2680_Bausch & Lomb_WM NY_ Lumify 2020_VCB_Jan20 - Mar20_XRTV,5.00945E+12,0,0,14,0,0
22-Mar-20,Bausch & Lomb Inc,6.71902E+12,201912.2680_Bausch & Lomb_WM NY_ Lumify 2020_VCB_Jan20 - Mar20_XRTV,5.00945E+12,0,0,16,3,62.55
23-Mar-20,Bausch & Lomb Inc,6.71902E+12,201912.2680_Bausch & Lomb_WM NY_ Lumify 2020_VCB_Jan20 - Mar20_XRTV,5.00945E+12,0,0,9,1,17.15
24-Mar-20,Bausch & Lomb Inc,6.71902E+12,201912.2680_Bausch & Lomb_WM NY_ Lumify 2020_VCB_Jan20 - Mar20_XRTV,5.00945E+12,0,0,3,0,0
25-Mar-20,Bausch & Lomb Inc,6.71902E+12,201912.2680_Bausch & Lomb_WM NY_ Lumify 2020_VCB_Jan20 - Mar20_XRTV,5.00945E+12,0,0,10,0,0
26-Mar-20,Bausch & Lomb Inc,6.71902E+12,201912.2680_Bausch & Lomb_WM NY_ Lumify 2020_VCB_Jan20 - Mar20_XRTV,5.00945E+12,0,0,2,0,0
27-Mar-20,Bausch & Lomb Inc,6.71902E+12,201912.2680_Bausch & Lomb_WM NY_ Lumify 2020_VCB_Jan20 - Mar20_XRTV,5.00945E+12,0,0,8,1,15.97
28-Mar-20,Bausch & Lomb Inc,6.71902E+12,201912.2680_Bausch & Lomb_WM NY_ Lumify 2020_VCB_Jan20 - Mar20_XRTV,5.00945E+12,0,0,3,0,0
29-Mar-20,Bausch & Lomb Inc,6.71902E+12,201912.2680_Bausch & Lomb_WM NY_ Lumify 2020_VCB_Jan20 - Mar20_XRTV,5.00945E+12,0,0,4,0,0
30-Mar-20,Bausch & Lomb Inc,6.71902E+12,201912.2680_Bausch & Lomb_WM NY_ Lumify 2020_VCB_Jan20 - Mar20_XRTV,5.00945E+12,0,0,2,1,16.86
31-Mar-20,Bausch & Lomb Inc,6.71902E+12,201912.2680_Bausch & Lomb_WM NY_ Lumify 2020_VCB_Jan20 - Mar20_XRTV,5.00945E+12,0,0,0,0,0
1-Apr-20,Bausch & Lomb Inc,6.71902E+12,201912.2680_Bausch & Lomb_WM NY_ Lumify 2020_VCB_Jan20 - Mar20_XRTV,5.00945E+12,918.36,36028,1019,0,0
2-Apr-20,Bausch & Lomb Inc,6.71902E+12,201912.2680_Bausch & Lomb_WM NY_ Lumify 2020_VCB_Jan20 - Mar20_XRTV,5.00945E+12,1475.09,81130,1381,1,16.86
3-Apr-20,Bausch & Lomb Inc,6.71902E+12,201912.2680_Bausch & Lomb_WM NY_ Lumify 2020_VCB_Jan20 - Mar20_XRTV,5.00945E+12,1488.4,106261,797,1,30.86
4-Apr-20,Bausch & Lomb Inc,6.71902E+12,201912.2680_Bausch & Lomb_WM NY_ Lumify 2020_VCB_Jan20 - Mar20_XRTV,5.00945E+12,1481.45,107857,720,2,27.65
5-Apr-20,Bausch & Lomb Inc,6.71902E+12,201912.2680_Bausch & Lomb_WM NY_ Lumify 2020_VCB_Jan20 - Mar20_XRTV,5.00945E+12,1180.97,88911,674,2,33.18
6-Apr-20,Bausch & Lomb Inc,6.71902E+12,201912.2680_Bausch & Lomb_WM NY_ Lumify 2020_VCB_Jan20 - Mar20_XRTV,5.00945E+12,740.34,52126,773,2,48.9
7-Apr-20,Bausch & Lomb Inc,6.71902E+12,201912.2680_Bausch & Lomb_WM NY_ Lumify 2020_VCB_Jan20 - Mar20_XRTV,5.00945E+12,741.42,55715,768,1,27.99
8-Apr-20,Bausch & Lomb Inc,6.71902E+12,201912.2680_Bausch & Lomb_WM NY_ Lumify 2020_VCB_Jan20 - Mar20_XRTV,5.00945E+12,745.15,25454,849,3,66.52
9-Apr-20,Bausch & Lomb Inc,6.71902E+12,201912.2680_Bausch & Lomb_WM NY_ Lumify 2020_VCB_Jan20 - Mar20_XRTV,5.00945E+12,736.17,25065,716,1,31.34
10-Apr-20,Bausch & Lomb Inc,6.71902E+12,201912.2680_Bausch & Lomb_WM NY_ Lumify 2020_VCB_Jan20 - Mar20_XRTV,5.00945E+12,739.01,24143,840,2,45.67
11-Apr-20,Bausch & Lomb Inc,6.71902E+12,201912.2680_Bausch & Lomb_WM NY_ Lumify 2020_VCB_Jan20 - Mar20_XRTV,5.00945E+12,739.63,29273,700,2,35.64
12-Apr-20,Bausch & Lomb Inc,6.71902E+12,201912.2680_Bausch & Lomb_WM NY_ Lumify 2020_VCB_Jan20 - Mar20_XRTV,5.00945E+12,738.91,36059,774,2,51.78
13-Apr-20,Bausch & Lomb Inc,6.71902E+12,201912.2680_Bausch & Lomb_WM NY_ Lumify 2020_VCB_Jan20 - Mar20_XRTV,5.00945E+12,740.76,28946,612,1,17.15
14-Apr-20,Bausch & Lomb Inc,6.71902E+12,201912.2680_Bausch & Lomb_WM NY_ Lumify 2020_VCB_Jan20 - Mar20_XRTV,5.00945E+12,738.94,24574,662,1,17.47
15-Apr-20,Bausch & Lomb Inc,6.71902E+12,201912.2680_Bausch & Lomb_WM NY_ Lumify 2020_VCB_Jan20 - Mar20_XRTV,5.00945E+12,731.87,25615,695,1,15.99
16-Apr-20,Bausch & Lomb Inc,6.71902E+12,201912.2680_Bausch & Lomb_WM NY_ Lumify 2020_VCB_Jan20 - Mar20_XRTV,5.00945E+12,747.62,29585,712,1,23.43
17-Apr-20,Bausch & Lomb Inc,6.71902E+12,201912.2680_Bausch & Lomb_WM NY_ Lumify 2020_VCB_Jan20 - Mar20_XRTV,5.00945E+12,739.21,29052,628,2,35.67
18-Apr-20,Bausch & Lomb Inc,6.71902E+12,201912.2680_Bausch & Lomb_WM NY_ Lumify 2020_VCB_Jan20 - Mar20_XRTV,5.00945E+12,739.95,27019,663,2,46.86
19-Apr-20,Bausch & Lomb Inc,6.71902E+12,201912.2680_Bausch & Lomb_WM NY_ Lumify 2020_VCB_Jan20 - Mar20_XRTV,5.00945E+12,738.22,26871,661,0,0
20-Apr-20,Bausch & Lomb Inc,6.71902E+12,201912.2680_Bausch & Lomb_WM NY_ Lumify 2020_VCB_Jan20 - Mar20_XRTV,5.00945E+12,739.75,28399,665,2,64.72
21-Apr-20,Bausch & Lomb Inc,6.71902E+12,201912.2680_Bausch & Lomb_WM NY_ Lumify 2020_VCB_Jan20 - Mar20_XRTV,5.00945E+12,740.48,29146,639,1,9.81
22-Apr-20,Bausch & Lomb Inc,6.71902E+12,201912.2680_Bausch & Lomb_WM NY_ Lumify 2020_VCB_Jan20 - Mar20_XRTV,5.00945E+12,738.84,26222,613,1,17.85
23-Apr-20,Bausch & Lomb Inc,6.71902E+12,201912.2680_Bausch & Lomb_WM NY_ Lumify 2020_VCB_Jan20 - Mar20_XRTV,5.00945E+12,739.16,26340,607,0,0
24-Apr-20,Bausch & Lomb Inc,6.71902E+12,201912.2680_Bausch & Lomb_WM NY_ Lumify 2020_VCB_Jan20 - Mar20_XRTV,5.00945E+12,744.61,26376,793,3,65.88
25-Apr-20,Bausch & Lomb Inc,6.71902E+12,201912.2680_Bausch & Lomb_WM NY_ Lumify 2020_VCB_Jan20 - Mar20_XRTV,5.00945E+12,734.28,26057,670,1,16.38
26-Apr-20,Bausch & Lomb Inc,6.71902E+12,201912.2680_Bausch & Lomb_WM NY_ Lumify 2020_VCB_Jan20 - Mar20_XRTV,5.00945E+12,738.56,30703,636,1,15.57
27-Apr-20,Bausch & Lomb Inc,6.71902E+12,201912.2680_Bausch & Lomb_WM NY_ Lumify 2020_VCB_Jan20 - Mar20_XRTV,5.00945E+12,746.81,27100,837,2,33.42
28-Apr-20,Bausch & Lomb Inc,6.71902E+12,201912.2680_Bausch & Lomb_WM NY_ Lumify 2020_VCB_Jan20 - Mar20_XRTV,5.00945E+12,732.78,27046,896,1,16.71
29-Apr-20,Bausch & Lomb Inc,6.71902E+12,201912.2680_Bausch & Lomb_WM NY_ Lumify 2020_VCB_Jan20 - Mar20_XRTV,5.00945E+12,737.32,24598,798,1,9.7
30-Apr-20,Bausch & Lomb Inc,6.71902E+12,201912.2680_Bausch & Lomb_WM NY_ Lumify 2020_VCB_Jan20 - Mar20_XRTV,5.00945E+12,724.84,24640,783,1,16.39
1-May-20,Bausch & Lomb Inc,6.71902E+12,201912.2680_Bausch & Lomb_WM NY_ Lumify 2020_VCB_Jan20 - Mar20_XRTV,5.00945E+12,0,0,12,4,71.5
2-May-20,Bausch & Lomb Inc,6.71902E+12,201912.2680_Bausch & Lomb_WM NY_ Lumify 2020_VCB_Jan20 - Mar20_XRTV,5.00945E+12,0,0,16,4,70.47
3-May-20,Bausch & Lomb Inc,6.71902E+12,201912.2680_Bausch & Lomb_WM NY_ Lumify 2020_VCB_Jan20 - Mar20_XRTV,5.00945E+12,0,0,13,1,25.14
4-May-20,Bausch & Lomb Inc,6.71902E+12,201912.2680_Bausch & Lomb_WM NY_ Lumify 2020_VCB_Jan20 - Mar20_XRTV,5.00945E+12,0,0,21,1,9.64
5-May-20,Bausch & Lomb Inc,6.71902E+12,201912.2680_Bausch & Lomb_WM NY_ Lumify 2020_VCB_Jan20 - Mar20_XRTV,5.00945E+12,0,0,12,0,0
6-May-20,Bausch & Lomb Inc,6.71902E+12,201912.2680_Bausch & Lomb_WM NY_ Lumify 2020_VCB_Jan20 - Mar20_XRTV,5.00945E+12,0,0,4,1,15.93
7-May-20,Bausch & Lomb Inc,6.71902E+12,201912.2680_Bausch & Lomb_WM NY_ Lumify 2020_VCB_Jan20 - Mar20_XRTV,5.00945E+12,0,0,6,0,0
8-May-20,Bausch & Lomb Inc,6.71902E+12,201912.2680_Bausch & Lomb_WM NY_ Lumify 2020_VCB_Jan20 - Mar20_XRTV,5.00945E+12,0,0,3,0,0
9-May-20,Bausch & Lomb Inc,6.71902E+12,201912.2680_Bausch & Lomb_WM NY_ Lumify 2020_VCB_Jan20 - Mar20_XRTV,5.00945E+12,0,0,4,0,0
6-Jan-20,Bausch & Lomb Inc,6.71902E+12,201912.2680_B&L_Lumify 2020_Jan20 - Mar20_XRTB_ROAS,9.62458E+12,1082.47,277684,223,33,732.42
7-Jan-20,Bausch & Lomb Inc,6.71902E+12,201912.2680_B&L_Lumify 2020_Jan20 - Mar20_XRTB_ROAS,9.62458E+12,1493.08,409841,478,92,1697.73
8-Jan-20,Bausch & Lomb Inc,6.71902E+12,201912.2680_B&L_Lumify 2020_Jan20 - Mar20_XRTB_ROAS,9.62458E+12,1556.7,440114,573,160,2639.8
9-Jan-20,Bausch & Lomb Inc,6.71902E+12,201912.2680_B&L_Lumify 2020_Jan20 - Mar20_XRTB_ROAS,9.62458E+12,1667.03,483783,696,189,3035.13
10-Jan-20,Bausch & Lomb Inc,6.71902E+12,201912.2680_B&L_Lumify 2020_Jan20 - Mar20_XRTB_ROAS,9.62458E+12,1447.58,431584,668,171,2925.68
11-Jan-20,Bausch & Lomb Inc,6.71902E+12,201912.2680_B&L_Lumify 2020_Jan20 - Mar20_XRTB_ROAS,9.62458E+12,1527.61,436237,751,160,2557.39
12-Jan-20,Bausch & Lomb Inc,6.71902E+12,201912.2680_B&L_Lumify 2020_Jan20 - Mar20_XRTB_ROAS,9.62458E+12,1519.29,419211,709,193,3291.32
13-Jan-20,Bausch & Lomb Inc,6.71902E+12,201912.2680_B&L_Lumify 2020_Jan20 - Mar20_XRTB_ROAS,9.62458E+12,1467.22,417636,719,168,2891.97
14-Jan-20,Bausch & Lomb Inc,6.71902E+12,201912.2680_B&L_Lumify 2020_Jan20 - Mar20_XRTB_ROAS,9.62458E+12,1425.97,390339,797,178,2880.51
15-Jan-20,Bausch & Lomb Inc,6.71902E+12,201912.2680_B&L_Lumify 2020_Jan20 - Mar20_XRTB_ROAS,9.62458E+12,1416.04,380841,746,226,3676.69
16-Jan-20,Bausch & Lomb Inc,6.71902E+12,201912.2680_B&L_Lumify 2020_Jan20 - Mar20_XRTB_ROAS,9.62458E+12,1444.51,389769,735,209,3595.21
17-Jan-20,Bausch & Lomb Inc,6.71902E+12,201912.2680_B&L_Lumify 2020_Jan20 - Mar20_XRTB_ROAS,9.62458E+12,1414.72,383570,700,180,2852.91
18-Jan-20,Bausch & Lomb Inc,6.71902E+12,201912.2680_B&L_Lumify 2020_Jan20 - Mar20_XRTB_ROAS,9.62458E+12,1439.53,381312,756,186,3001.36
19-Jan-20,Bausch & Lomb Inc,6.71902E+12,201912.2680_B&L_Lumify 2020_Jan20 - Mar20_XRTB_ROAS,9.62458E+12,1378.27,366412,746,200,3338.59
20-Jan-20,Bausch & Lomb Inc,6.71902E+12,201912.2680_B&L_Lumify 2020_Jan20 - Mar20_XRTB_ROAS,9.62458E+12,1405.47,376820,755,194,3119.65
21-Jan-20,Bausch & Lomb Inc,6.71902E+12,201912.2680_B&L_Lumify 2020_Jan20 - Mar20_XRTB_ROAS,9.62458E+12,1386.28,374916,790,210,3338.74
22-Jan-20,Bausch & Lomb Inc,6.71902E+12,201912.2680_B&L_Lumify 2020_Jan20 - Mar20_XRTB_ROAS,9.62458E+12,1376.64,369429,730,199,3234.14
23-Jan-20,Bausch & Lomb Inc,6.71902E+12,201912.2680_B&L_Lumify 2020_Jan20 - Mar20_XRTB_ROAS,9.62458E+12,1336.26,358895,731,198,3118.57
24-Jan-20,Bausch & Lomb Inc,6.71902E+12,201912.2680_B&L_Lumify 2020_Jan20 - Mar20_XRTB_ROAS,9.62458E+12,2502.57,601357,871,223,3568.05
25-Jan-20,Bausch & Lomb Inc,6.71902E+12,201912.2680_B&L_Lumify 2020_Jan20 - Mar20_XRTB_ROAS,9.62458E+12,2389.63,576508,945,184,3020.56
26-Jan-20,Bausch & Lomb Inc,6.71902E+12,201912.2680_B&L_Lumify 2020_Jan20 - Mar20_XRTB_ROAS,9.62458E+12,2352.25,571207,918,212,3740.88
27-Jan-20,Bausch & Lomb Inc,6.71902E+12,201912.2680_B&L_Lumify 2020_Jan20 - Mar20_XRTB_ROAS,9.62458E+12,18.63,4779,438,148,2690
28-Jan-20,Bausch & Lomb Inc,6.71902E+12,201912.2680_B&L_Lumify 2020_Jan20 - Mar20_XRTB_ROAS,9.62458E+12,0,0,379,118,1951.65
29-Jan-20,Bausch & Lomb Inc,6.71902E+12,201912.2680_B&L_Lumify 2020_Jan20 - Mar20_XRTB_ROAS,9.62458E+12,0,0,322,122,2176.7
30-Jan-20,Bausch & Lomb Inc,6.71902E+12,201912.2680_B&L_Lumify 2020_Jan20 - Mar20_XRTB_ROAS,9.62458E+12,0,0,371,101,1790.93
31-Jan-20,Bausch & Lomb Inc,6.71902E+12,201912.2680_B&L_Lumify 2020_Jan20 - Mar20_XRTB_ROAS,9.62458E+12,0,0,311,118,2144.62
1-Feb-20,Bausch & Lomb Inc,6.71902E+12,201912.2680_B&L_Lumify 2020_Jan20 - Mar20_XRTB_ROAS,9.62458E+12,0,0,314,124,2030.3
2-Feb-20,Bausch & Lomb Inc,6.71902E+12,201912.2680_B&L_Lumify 2020_Jan20 - Mar20_XRTB_ROAS,9.62458E+12,0,0,279,114,2078.59
3-Feb-20,Bausch & Lomb Inc,6.71902E+12,201912.2680_B&L_Lumify 2020_Jan20 - Mar20_XRTB_ROAS,9.62458E+12,0,0,271,88,1499.53
4-Feb-20,Bausch & Lomb Inc,6.71902E+12,201912.2680_B&L_Lumify 2020_Jan20 - Mar20_XRTB_ROAS,9.62458E+12,0,0,283,89,1505.51
5-Feb-20,Bausch & Lomb Inc,6.71902E+12,201912.2680_B&L_Lumify 2020_Jan20 - Mar20_XRTB_ROAS,9.62458E+12,0,0,276,95,1779.24
6-Feb-20,Bausch & Lomb Inc,6.71902E+12,201912.2680_B&L_Lumify 2020_Jan20 - Mar20_XRTB_ROAS,9.62458E+12,1146.79,298525,468,90,1484.8
7-Feb-20,Bausch & Lomb Inc,6.71902E+12,201912.2680_B&L_Lumify 2020_Jan20 - Mar20_XRTB_ROAS,9.62458E+12,2623.58,647860,769,156,2574.85
8-Feb-20,Bausch & Lomb Inc,6.71902E+12,201912.2680_B&L_Lumify 2020_Jan20 - Mar20_XRTB_ROAS,9.62458E+12,2393.73,587600,797,152,2578.06
9-Feb-20,Bausch & Lomb Inc,6.71902E+12,201912.2680_B&L_Lumify 2020_Jan20 - Mar20_XRTB_ROAS,9.62458E+12,2766.99,688043,876,171,2918.19
10-Feb-20,Bausch & Lomb Inc,6.71902E+12,201912.2680_B&L_Lumify 2020_Jan20 - Mar20_XRTB_ROAS,9.62458E+12,2648.29,641599,695,163,3101.23
11-Feb-20,Bausch & Lomb Inc,6.71902E+12,201912.2680_B&L_Lumify 2020_Jan20 - Mar20_XRTB_ROAS,9.62458E+12,2718.18,662483,848,162,2861.35
12-Feb-20,Bausch & Lomb Inc,6.71902E+12,201912.2680_B&L_Lumify 2020_Jan20 - Mar20_XRTB_ROAS,9.62458E+12,2730.77,668571,915,194,3303.92
13-Feb-20,Bausch & Lomb Inc,6.71902E+12,201912.2680_B&L_Lumify 2020_Jan20 - Mar20_XRTB_ROAS,9.62458E+12,1762.04,425855,691,170,2970.21
14-Feb-20,Bausch & Lomb Inc,6.71902E+12,201912.2680_B&L_Lumify 2020_Jan20 - Mar20_XRTB_ROAS,9.62458E+12,7.49,1960,342,119,2068.98
15-Feb-20,Bausch & Lomb Inc,6.71902E+12,201912.2680_B&L_Lumify 2020_Jan20 - Mar20_XRTB_ROAS,9.62458E+12,0,0,368,119,1986.12
16-Feb-20,Bausch & Lomb Inc,6.71902E+12,201912.2680_B&L_Lumify 2020_Jan20 - Mar20_XRTB_ROAS,9.62458E+12,0,0,387,114,1873.82
17-Feb-20,Bausch & Lomb Inc,6.71902E+12,201912.2680_B&L_Lumify 2020_Jan20 - Mar20_XRTB_ROAS,9.62458E+12,0,0,390,134,2241.94
18-Feb-20,Bausch & Lomb Inc,6.71902E+12,201912.2680_B&L_Lumify 2020_Jan20 - Mar20_XRTB_ROAS,9.62458E+12,0,0,420,131,2012.16
19-Feb-20,Bausch & Lomb Inc,6.71902E+12,201912.2680_B&L_Lumify 2020_Jan20 - Mar20_XRTB_ROAS,9.62458E+12,0,0,503,135,2126.49
20-Feb-20,Bausch & Lomb Inc,6.71902E+12,201912.2680_B&L_Lumify 2020_Jan20 - Mar20_XRTB_ROAS,9.62458E+12,0,0,388,139,2207.36
21-Feb-20,Bausch & Lomb Inc,6.71902E+12,201912.2680_B&L_Lumify 2020_Jan20 - Mar20_XRTB_ROAS,9.62458E+12,0,0,346,118,1851.36
22-Feb-20,Bausch & Lomb Inc,6.71902E+12,201912.2680_B&L_Lumify 2020_Jan20 - Mar20_XRTB_ROAS,9.62458E+12,0,0,343,114,1784.57
23-Feb-20,Bausch & Lomb Inc,6.71902E+12,201912.2680_B&L_Lumify 2020_Jan20 - Mar20_XRTB_ROAS,9.62458E+12,0,0,320,86,1484.09
24-Feb-20,Bausch & Lomb Inc,6.71902E+12,201912.2680_B&L_Lumify 2020_Jan20 - Mar20_XRTB_ROAS,9.62458E+12,0,0,300,93,1334.21
25-Feb-20,Bausch & Lomb Inc,6.71902E+12,201912.2680_B&L_Lumify 2020_Jan20 - Mar20_XRTB_ROAS,9.62458E+12,0,0,75,24,347.9
26-Feb-20,Bausch & Lomb Inc,6.71902E+12,201912.2680_B&L_Lumify 2020_Jan20 - Mar20_XRTB_ROAS,9.62458E+12,0,0,0,0,0
27-Feb-20,Bausch & Lomb Inc,6.71902E+12,201912.2680_B&L_Lumify 2020_Jan20 - Mar20_XRTB_ROAS,9.62458E+12,0,0,0,0,0
28-Feb-20,Bausch & Lomb Inc,6.71902E+12,201912.2680_B&L_Lumify 2020_Jan20 - Mar20_XRTB_ROAS,9.62458E+12,0,0,0,0,0
29-Feb-20,Bausch & Lomb Inc,6.71902E+12,201912.2680_B&L_Lumify 2020_Jan20 - Mar20_XRTB_ROAS,9.62458E+12,0,0,0,0,0
1-Mar-20,Bausch & Lomb Inc,6.71902E+12,201912.2680_B&L_Lumify 2020_Jan20 - Mar20_XRTB_ROAS,9.62458E+12,0,0,0,0,0
2-Mar-20,Bausch & Lomb Inc,6.71902E+12,201912.2680_B&L_Lumify 2020_Jan20 - Mar20_XRTB_ROAS,9.62458E+12,237.09,50302,0,0,0
3-Mar-20,Bausch & Lomb Inc,6.71902E+12,201912.2680_B&L_Lumify 2020_Jan20 - Mar20_XRTB_ROAS,9.62458E+12,562.9,138525,0,0,0
4-Mar-20,Bausch & Lomb Inc,6.71902E+12,201912.2680_B&L_Lumify 2020_Jan20 - Mar20_XRTB_ROAS,9.62458E+12,178.33,43212,0,0,0
5-Mar-20,Bausch & Lomb Inc,6.71902E+12,201912.2680_B&L_Lumify 2020_Jan20 - Mar20_XRTB_ROAS,9.62458E+12,0,0,0,0,0
6-Mar-20,Bausch & Lomb Inc,6.71902E+12,201912.2680_B&L_Lumify 2020_Jan20 - Mar20_XRTB_ROAS,9.62458E+12,0,0,34,9,121.08
7-Mar-20,Bausch & Lomb Inc,6.71902E+12,201912.2680_B&L_Lumify 2020_Jan20 - Mar20_XRTB_ROAS,9.62458E+12,0,0,51,19,303.23
8-Mar-20,Bausch & Lomb Inc,6.71902E+12,201912.2680_B&L_Lumify 2020_Jan20 - Mar20_XRTB_ROAS,9.62458E+12,0,0,63,23,403.92
9-Mar-20,Bausch & Lomb Inc,6.71902E+12,201912.2680_B&L_Lumify 2020_Jan20 - Mar20_XRTB_ROAS,9.62458E+12,0,0,61,20,355.68
10-Mar-20,Bausch & Lomb Inc,6.71902E+12,201912.2680_B&L_Lumify 2020_Jan20 - Mar20_XRTB_ROAS,9.62458E+12,0,0,52,18,255.31
11-Mar-20,Bausch & Lomb Inc,6.71902E+12,201912.2680_B&L_Lumify 2020_Jan20 - Mar20_XRTB_ROAS,9.62458E+12,458.86,143184,240,56,1025.51
12-Mar-20,Bausch & Lomb Inc,6.71902E+12,201912.2680_B&L_Lumify 2020_Jan20 - Mar20_XRTB_ROAS,9.62458E+12,692.67,208513,268,54,1009.37
13-Mar-20,Bausch & Lomb Inc,6.71902E+12,201912.2680_B&L_Lumify 2020_Jan20 - Mar20_XRTB_ROAS,9.62458E+12,694.87,208504,369,103,1811.44
14-Mar-20,Bausch & Lomb Inc,6.71902E+12,201912.2680_B&L_Lumify 2020_Jan20 - Mar20_XRTB_ROAS,9.62458E+12,754.35,221456,448,94,1744.71
15-Mar-20,Bausch & Lomb Inc,6.71902E+12,201912.2680_B&L_Lumify 2020_Jan20 - Mar20_XRTB_ROAS,9.62458E+12,767.61,222239,486,87,1658.81
16-Mar-20,Bausch & Lomb Inc,6.71902E+12,201912.2680_B&L_Lumify 2020_Jan20 - Mar20_XRTB_ROAS,9.62458E+12,805.2,237426,462,101,1881.23
17-Mar-20,Bausch & Lomb Inc,6.71902E+12,201912.2680_B&L_Lumify 2020_Jan20 - Mar20_XRTB_ROAS,9.62458E+12,824.91,239703,440,104,1930.08
18-Mar-20,Bausch & Lomb Inc,6.71902E+12,201912.2680_B&L_Lumify 2020_Jan20 - Mar20_XRTB_ROAS,9.62458E+12,466.79,135826,422,99,1855.98
19-Mar-20,Bausch & Lomb Inc,6.71902E+12,201912.2680_B&L_Lumify 2020_Jan20 - Mar20_XRTB_ROAS,9.62458E+12,0,0,315,78,1496.64
20-Mar-20,Bausch & Lomb Inc,6.71902E+12,201912.2680_B&L_Lumify 2020_Jan20 - Mar20_XRTB_ROAS,9.62458E+12,0,0,251,91,2294.39
21-Mar-20,Bausch & Lomb Inc,6.71902E+12,201912.2680_B&L_Lumify 2020_Jan20 - Mar20_XRTB_ROAS,9.62458E+12,0,0,190,76,1500.91
22-Mar-20,Bausch & Lomb Inc,6.71902E+12,201912.2680_B&L_Lumify 2020_Jan20 - Mar20_XRTB_ROAS,9.62458E+12,0,0,215,44,856.52
23-Mar-20,Bausch & Lomb Inc,6.71902E+12,201912.2680_B&L_Lumify 2020_Jan20 - Mar20_XRTB_ROAS,9.62458E+12,0,0,273,57,1181.69
24-Mar-20,Bausch & Lomb Inc,6.71902E+12,201912.2680_B&L_Lumify 2020_Jan20 - Mar20_XRTB_ROAS,9.62458E+12,0,0,195,53,984.42
25-Mar-20,Bausch & Lomb Inc,6.71902E+12,201912.2680_B&L_Lumify 2020_Jan20 - Mar20_XRTB_ROAS,9.62458E+12,0,0,187,42,828.75
26-Mar-20,Bausch & Lomb Inc,6.71902E+12,201912.2680_B&L_Lumify 2020_Jan20 - Mar20_XRTB_ROAS,9.62458E+12,0,0,176,52,957.42
27-Mar-20,Bausch & Lomb Inc,6.71902E+12,201912.2680_B&L_Lumify 2020_Jan20 - Mar20_XRTB_ROAS,9.62458E+12,0,0,163,40,669.64
28-Mar-20,Bausch & Lomb Inc,6.71902E+12,201912.2680_B&L_Lumify 2020_Jan20 - Mar20_XRTB_ROAS,9.62458E+12,0,0,92,31,522.16
29-Mar-20,Bausch & Lomb Inc,6.71902E+12,201912.2680_B&L_Lumify 2020_Jan20 - Mar20_XRTB_ROAS,9.62458E+12,0,0,97,30,564.02
30-Mar-20,Bausch & Lomb Inc,6.71902E+12,201912.2680_B&L_Lumify 2020_Jan20 - Mar20_XRTB_ROAS,9.62458E+12,0,0,79,34,622.56
31-Mar-20,Bausch & Lomb Inc,6.71902E+12,201912.2680_B&L_Lumify 2020_Jan20 - Mar20_XRTB_ROAS,9.62458E+12,0,0,48,11,213.56
1-Apr-20,Bausch & Lomb Inc,6.71902E+12,201912.2680_B&L_Lumify 2020_Jan20 - Mar20_XRTB_ROAS,9.62458E+12,539.49,178469,210,36,621.71
2-Apr-20,Bausch & Lomb Inc,6.71902E+12,201912.2680_B&L_Lumify 2020_Jan20 - Mar20_XRTB_ROAS,9.62458E+12,825.64,267719,298,73,1363.31
3-Apr-20,Bausch & Lomb Inc,6.71902E+12,201912.2680_B&L_Lumify 2020_Jan20 - Mar20_XRTB_ROAS,9.62458E+12,780.67,255073,306,61,1253.96
4-Apr-20,Bausch & Lomb Inc,6.71902E+12,201912.2680_B&L_Lumify 2020_Jan20 - Mar20_XRTB_ROAS,9.62458E+12,873.43,279043,365,77,1397.46
5-Apr-20,Bausch & Lomb Inc,6.71902E+12,201912.2680_B&L_Lumify 2020_Jan20 - Mar20_XRTB_ROAS,9.62458E+12,1071.03,339008,418,75,1444.92
6-Apr-20,Bausch & Lomb Inc,6.71902E+12,201912.2680_B&L_Lumify 2020_Jan20 - Mar20_XRTB_ROAS,9.62458E+12,1086.14,343843,398,90,1616.76
7-Apr-20,Bausch & Lomb Inc,6.71902E+12,201912.2680_B&L_Lumify 2020_Jan20 - Mar20_XRTB_ROAS,9.62458E+12,1103.97,362032,480,121,2040.76
8-Apr-20,Bausch & Lomb Inc,6.71902E+12,201912.2680_B&L_Lumify 2020_Jan20 - Mar20_XRTB_ROAS,9.62458E+12,1172.49,371171,490,106,2058.39
9-Apr-20,Bausch & Lomb Inc,6.71902E+12,201912.2680_B&L_Lumify 2020_Jan20 - Mar20_XRTB_ROAS,9.62458E+12,1081.52,348906,436,103,1795.94
10-Apr-20,Bausch & Lomb Inc,6.71902E+12,201912.2680_B&L_Lumify 2020_Jan20 - Mar20_XRTB_ROAS,9.62458E+12,1072.85,335258,502,120,2121.46
11-Apr-20,Bausch & Lomb Inc,6.71902E+12,201912.2680_B&L_Lumify 2020_Jan20 - Mar20_XRTB_ROAS,9.62458E+12,1025.56,324509,486,106,1966.01
12-Apr-20,Bausch & Lomb Inc,6.71902E+12,201912.2680_B&L_Lumify 2020_Jan20 - Mar20_XRTB_ROAS,9.62458E+12,1154.67,375918,526,98,1729.19
13-Apr-20,Bausch & Lomb Inc,6.71902E+12,201912.2680_B&L_Lumify 2020_Jan20 - Mar20_XRTB_ROAS,9.62458E+12,1207.19,375423,642,120,2161.88
14-Apr-20,Bausch & Lomb Inc,6.71902E+12,201912.2680_B&L_Lumify 2020_Jan20 - Mar20_XRTB_ROAS,9.62458E+12,1769.32,558329,630,133,2342.91
15-Apr-20,Bausch & Lomb Inc,6.71902E+12,201912.2680_B&L_Lumify 2020_Jan20 - Mar20_XRTB_ROAS,9.62458E+12,1824.72,556569,775,171,2995.15
16-Apr-20,Bausch & Lomb Inc,6.71902E+12,201912.2680_B&L_Lumify 2020_Jan20 - Mar20_XRTB_ROAS,9.62458E+12,1878.33,563545,798,140,2475.54
17-Apr-20,Bausch & Lomb Inc,6.71902E+12,201912.2680_B&L_Lumify 2020_Jan20 - Mar20_XRTB_ROAS,9.62458E+12,1971.83,591133,750,146,2526.54
18-Apr-20,Bausch & Lomb Inc,6.71902E+12,201912.2680_B&L_Lumify 2020_Jan20 - Mar20_XRTB_ROAS,9.62458E+12,1754.67,521317,659,131,2305.03
19-Apr-20,Bausch & Lomb Inc,6.71902E+12,201912.2680_B&L_Lumify 2020_Jan20 - Mar20_XRTB_ROAS,9.62458E+12,1666.99,499223,721,141,2700.2
20-Apr-20,Bausch & Lomb Inc,6.71902E+12,201912.2680_B&L_Lumify 2020_Jan20 - Mar20_XRTB_ROAS,9.62458E+12,1494.96,449907,658,126,2283.88
21-Apr-20,Bausch & Lomb Inc,6.71902E+12,201912.2680_B&L_Lumify 2020_Jan20 - Mar20_XRTB_ROAS,9.62458E+12,1316.24,388350,682,161,2932.91
22-Apr-20,Bausch & Lomb Inc,6.71902E+12,201912.2680_B&L_Lumify 2020_Jan20 - Mar20_XRTB_ROAS,9.62458E+12,1020.78,284207,682,149,2722.07
23-Apr-20,Bausch & Lomb Inc,6.71902E+12,201912.2680_B&L_Lumify 2020_Jan20 - Mar20_XRTB_ROAS,9.62458E+12,1019.8,288830,637,138,2410.58
24-Apr-20,Bausch & Lomb Inc,6.71902E+12,201912.2680_B&L_Lumify 2020_Jan20 - Mar20_XRTB_ROAS,9.62458E+12,1003.08,282464,644,179,3112.09
25-Apr-20,Bausch & Lomb Inc,6.71902E+12,201912.2680_B&L_Lumify 2020_Jan20 - Mar20_XRTB_ROAS,9.62458E+12,707.86,203602,578,133,2306.92
26-Apr-20,Bausch & Lomb Inc,6.71902E+12,201912.2680_B&L_Lumify 2020_Jan20 - Mar20_XRTB_ROAS,9.62458E+12,578.78,161915,560,155,2671.6
27-Apr-20,Bausch & Lomb Inc,6.71902E+12,201912.2680_B&L_Lumify 2020_Jan20 - Mar20_XRTB_ROAS,9.62458E+12,326.86,94610,468,158,2843.86
28-Apr-20,Bausch & Lomb Inc,6.71902E+12,201912.2680_B&L_Lumify 2020_Jan20 - Mar20_XRTB_ROAS,9.62458E+12,639.71,190340,586,155,2775.65
29-Apr-20,Bausch & Lomb Inc,6.71902E+12,201912.2680_B&L_Lumify 2020_Jan20 - Mar20_XRTB_ROAS,9.62458E+12,738.13,220840,576,170,2826.75
30-Apr-20,Bausch & Lomb Inc,6.71902E+12,201912.2680_B&L_Lumify 2020_Jan20 - Mar20_XRTB_ROAS,9.62458E+12,705.26,209302,582,150,2474.11
1-May-20,Bausch & Lomb Inc,6.71902E+12,201912.2680_B&L_Lumify 2020_Jan20 - Mar20_XRTB_ROAS,9.62458E+12,257.53,79044,395,150,2643.61
2-May-20,Bausch & Lomb Inc,6.71902E+12,201912.2680_B&L_Lumify 2020_Jan20 - Mar20_XRTB_ROAS,9.62458E+12,1010.17,303661,654,166,2581.74
3-May-20,Bausch & Lomb Inc,6.71902E+12,201912.2680_B&L_Lumify 2020_Jan20 - Mar20_XRTB_ROAS,9.62458E+12,1042.87,318415,666,149,2344.56
4-May-20,Bausch & Lomb Inc,6.71902E+12,201912.2680_B&L_Lumify 2020_Jan20 - Mar20_XRTB_ROAS,9.62458E+12,1043.96,324775,599,150,2367.14
5-May-20,Bausch & Lomb Inc,6.71902E+12,201912.2680_B&L_Lumify 2020_Jan20 - Mar20_XRTB_ROAS,9.62458E+12,1101.01,330605,411,122,1923.72
6-May-20,Bausch & Lomb Inc,6.71902E+12,201912.2680_B&L_Lumify 2020_Jan20 - Mar20_XRTB_ROAS,9.62458E+12,1035.13,293484,645,148,3009.65
7-May-20,Bausch & Lomb Inc,6.71902E+12,201912.2680_B&L_Lumify 2020_Jan20 - Mar20_XRTB_ROAS,9.62458E+12,1318.09,355918,632,183,3015.31
8-May-20,Bausch & Lomb Inc,6.71902E+12,201912.2680_B&L_Lumify 2020_Jan20 - Mar20_XRTB_ROAS,9.62458E+12,1328.23,358625,576,113,1988.22
9-May-20,Bausch & Lomb Inc,6.71902E+12,201912.2680_B&L_Lumify 2020_Jan20 - Mar20_XRTB_ROAS,9.62458E+12,1309.83,348920,710,129,2248.78
6-Jan-20,Bausch & Lomb Inc,6.71902E+12,201912.2680_B&L Lumify 2020_Jan20 - Dec20_XRTB_DPVR EYES,6.44633E+12,2165.23,540604,318,6,101.76
7-Jan-20,Bausch & Lomb Inc,6.71902E+12,201912.2680_B&L Lumify 2020_Jan20 - Dec20_XRTB_DPVR EYES,6.44633E+12,2319.61,590667,765,25,420.66
8-Jan-20,Bausch & Lomb Inc,6.71902E+12,201912.2680_B&L Lumify 2020_Jan20 - Dec20_XRTB_DPVR EYES,6.44633E+12,1658.57,423507,559,34,481.12
9-Jan-20,Bausch & Lomb Inc,6.71902E+12,201912.2680_B&L Lumify 2020_Jan20 - Dec20_XRTB_DPVR EYES,6.44633E+12,392.69,104781,252,31,495.32
10-Jan-20,Bausch & Lomb Inc,6.71902E+12,201912.2680_B&L Lumify 2020_Jan20 - Dec20_XRTB_DPVR EYES,6.44633E+12,399.33,126767,245,21,355.17
11-Jan-20,Bausch & Lomb Inc,6.71902E+12,201912.2680_B&L Lumify 2020_Jan20 - Dec20_XRTB_DPVR EYES,6.44633E+12,404.51,129141,277,25,413.43
12-Jan-20,Bausch & Lomb Inc,6.71902E+12,201912.2680_B&L Lumify 2020_Jan20 - Dec20_XRTB_DPVR EYES,6.44633E+12,390.4,126149,217,15,234.55
13-Jan-20,Bausch & Lomb Inc,6.71902E+12,201912.2680_B&L Lumify 2020_Jan20 - Dec20_XRTB_DPVR EYES,6.44633E+12,428.87,133503,226,19,278.61
14-Jan-20,Bausch & Lomb Inc,6.71902E+12,201912.2680_B&L Lumify 2020_Jan20 - Dec20_XRTB_DPVR EYES,6.44633E+12,415.18,132098,273,28,458.53
15-Jan-20,Bausch & Lomb Inc,6.71902E+12,201912.2680_B&L Lumify 2020_Jan20 - Dec20_XRTB_DPVR EYES,6.44633E+12,432.98,133167,199,16,264.53
16-Jan-20,Bausch & Lomb Inc,6.71902E+12,201912.2680_B&L Lumify 2020_Jan20 - Dec20_XRTB_DPVR EYES,6.44633E+12,406.95,127378,216,22,365.78
17-Jan-20,Bausch & Lomb Inc,6.71902E+12,201912.2680_B&L Lumify 2020_Jan20 - Dec20_XRTB_DPVR EYES,6.44633E+12,381.97,126692,265,22,354.58
18-Jan-20,Bausch & Lomb Inc,6.71902E+12,201912.2680_B&L Lumify 2020_Jan20 - Dec20_XRTB_DPVR EYES,6.44633E+12,381.85,121730,204,16,217.95
19-Jan-20,Bausch & Lomb Inc,6.71902E+12,201912.2680_B&L Lumify 2020_Jan20 - Dec20_XRTB_DPVR EYES,6.44633E+12,370.24,120300,210,16,248.34
20-Jan-20,Bausch & Lomb Inc,6.71902E+12,201912.2680_B&L Lumify 2020_Jan20 - Dec20_XRTB_DPVR EYES,6.44633E+12,400.07,125867,218,24,366.85
21-Jan-20,Bausch & Lomb Inc,6.71902E+12,201912.2680_B&L Lumify 2020_Jan20 - Dec20_XRTB_DPVR EYES,6.44633E+12,395.28,124368,198,18,303.63
22-Jan-20,Bausch & Lomb Inc,6.71902E+12,201912.2680_B&L Lumify 2020_Jan20 - Dec20_XRTB_DPVR EYES,6.44633E+12,353.71,112137,190,16,276.48
23-Jan-20,Bausch & Lomb Inc,6.71902E+12,201912.2680_B&L Lumify 2020_Jan20 - Dec20_XRTB_DPVR EYES,6.44633E+12,394.31,127862,210,7,90.82
24-Jan-20,Bausch & Lomb Inc,6.71902E+12,201912.2680_B&L Lumify 2020_Jan20 - Dec20_XRTB_DPVR EYES,6.44633E+12,404.87,126797,225,25,465.4
25-Jan-20,Bausch & Lomb Inc,6.71902E+12,201912.2680_B&L Lumify 2020_Jan20 - Dec20_XRTB_DPVR EYES,6.44633E+12,406.58,132691,208,17,302.78
26-Jan-20,Bausch & Lomb Inc,6.71902E+12,201912.2680_B&L Lumify 2020_Jan20 - Dec20_XRTB_DPVR EYES,6.44633E+12,539.81,170488,222,15,233.7
27-Jan-20,Bausch & Lomb Inc,6.71902E+12,201912.2680_B&L Lumify 2020_Jan20 - Dec20_XRTB_DPVR EYES,6.44633E+12,589.15,197623,246,27,506.07
28-Jan-20,Bausch & Lomb Inc,6.71902E+12,201912.2680_B&L Lumify 2020_Jan20 - Dec20_XRTB_DPVR EYES,6.44633E+12,702.83,214853,283,34,579.42
29-Jan-20,Bausch & Lomb Inc,6.71902E+12,201912.2680_B&L Lumify 2020_Jan20 - Dec20_XRTB_DPVR EYES,6.44633E+12,666.02,203748,267,27,447.15
30-Jan-20,Bausch & Lomb Inc,6.71902E+12,201912.2680_B&L Lumify 2020_Jan20 - Dec20_XRTB_DPVR EYES,6.44633E+12,239.98,75926,144,15,265.77
31-Jan-20,Bausch & Lomb Inc,6.71902E+12,201912.2680_B&L Lumify 2020_Jan20 - Dec20_XRTB_DPVR EYES,6.44633E+12,0,0,44,17,287.05
1-Feb-20,Bausch & Lomb Inc,6.71902E+12,201912.2680_B&L Lumify 2020_Jan20 - Dec20_XRTB_DPVR EYES,6.44633E+12,752.25,231171,310,33,546.12
2-Feb-20,Bausch & Lomb Inc,6.71902E+12,201912.2680_B&L Lumify 2020_Jan20 - Dec20_XRTB_DPVR EYES,6.44633E+12,811.61,242817,316,21,359.14
3-Feb-20,Bausch & Lomb Inc,6.71902E+12,201912.2680_B&L Lumify 2020_Jan20 - Dec20_XRTB_DPVR EYES,6.44633E+12,770.57,231994,259,19,317.39
4-Feb-20,Bausch & Lomb Inc,6.71902E+12,201912.2680_B&L Lumify 2020_Jan20 - Dec20_XRTB_DPVR EYES,6.44633E+12,824.99,245960,336,36,590.56
5-Feb-20,Bausch & Lomb Inc,6.71902E+12,201912.2680_B&L Lumify 2020_Jan20 - Dec20_XRTB_DPVR EYES,6.44633E+12,831.78,249020,291,36,605.02
6-Feb-20,Bausch & Lomb Inc,6.71902E+12,201912.2680_B&L Lumify 2020_Jan20 - Dec20_XRTB_DPVR EYES,6.44633E+12,1159.93,340247,383,38,673.9
7-Feb-20,Bausch & Lomb Inc,6.71902E+12,201912.2680_B&L Lumify 2020_Jan20 - Dec20_XRTB_DPVR EYES,6.44633E+12,864.08,250497,354,32,534.84
8-Feb-20,Bausch & Lomb Inc,6.71902E+12,201912.2680_B&L Lumify 2020_Jan20 - Dec20_XRTB_DPVR EYES,6.44633E+12,201.16,58012,146,19,330.69
9-Feb-20,Bausch & Lomb Inc,6.71902E+12,201912.2680_B&L Lumify 2020_Jan20 - Dec20_XRTB_DPVR EYES,6.44633E+12,200.78,60034,152,17,445.01
10-Feb-20,Bausch & Lomb Inc,6.71902E+12,201912.2680_B&L Lumify 2020_Jan20 - Dec20_XRTB_DPVR EYES,6.44633E+12,200.52,60827,122,16,306.82
11-Feb-20,Bausch & Lomb Inc,6.71902E+12,201912.2680_B&L Lumify 2020_Jan20 - Dec20_XRTB_DPVR EYES,6.44633E+12,200.49,46824,115,25,391.33
12-Feb-20,Bausch & Lomb Inc,6.71902E+12,201912.2680_B&L Lumify 2020_Jan20 - Dec20_XRTB_DPVR EYES,6.44633E+12,204.72,49022,121,11,251.89
13-Feb-20,Bausch & Lomb Inc,6.71902E+12,201912.2680_B&L Lumify 2020_Jan20 - Dec20_XRTB_DPVR EYES,6.44633E+12,200.31,47953,110,16,277.86
14-Feb-20,Bausch & Lomb Inc,6.71902E+12,201912.2680_B&L Lumify 2020_Jan20 - Dec20_XRTB_DPVR EYES,6.44633E+12,201.4,44713,124,18,352.08
15-Feb-20,Bausch & Lomb Inc,6.71902E+12,201912.2680_B&L Lumify 2020_Jan20 - Dec20_XRTB_DPVR EYES,6.44633E+12,78.73,18147,89,23,437.22
16-Feb-20,Bausch & Lomb Inc,6.71902E+12,201912.2680_B&L Lumify 2020_Jan20 - Dec20_XRTB_DPVR EYES,6.44633E+12,76.93,18074,87,16,231.03
17-Feb-20,Bausch & Lomb Inc,6.71902E+12,201912.2680_B&L Lumify 2020_Jan20 - Dec20_XRTB_DPVR EYES,6.44633E+12,78.78,18381,62,21,346.49
18-Feb-20,Bausch & Lomb Inc,6.71902E+12,201912.2680_B&L Lumify 2020_Jan20 - Dec20_XRTB_DPVR EYES,6.44633E+12,77.99,18058,88,19,278.4
19-Feb-20,Bausch & Lomb Inc,6.71902E+12,201912.2680_B&L Lumify 2020_Jan20 - Dec20_XRTB_DPVR EYES,6.44633E+12,79.27,17442,59,11,198.41
20-Feb-20,Bausch & Lomb Inc,6.71902E+12,201912.2680_B&L Lumify 2020_Jan20 - Dec20_XRTB_DPVR EYES,6.44633E+12,77.79,17585,52,6,144.56
21-Feb-20,Bausch & Lomb Inc,6.71902E+12,201912.2680_B&L Lumify 2020_Jan20 - Dec20_XRTB_DPVR EYES,6.44633E+12,81.13,17987,53,3,44.83
22-Feb-20,Bausch & Lomb Inc,6.71902E+12,201912.2680_B&L Lumify 2020_Jan20 - Dec20_XRTB_DPVR EYES,6.44633E+12,78.52,17621,37,4,87.76
23-Feb-20,Bausch & Lomb Inc,6.71902E+12,201912.2680_B&L Lumify 2020_Jan20 - Dec20_XRTB_DPVR EYES,6.44633E+12,77.83,18425,42,3,44.08
24-Feb-20,Bausch & Lomb Inc,6.71902E+12,201912.2680_B&L Lumify 2020_Jan20 - Dec20_XRTB_DPVR EYES,6.44633E+12,81.92,18303,37,6,101.36
25-Feb-20,Bausch & Lomb Inc,6.71902E+12,201912.2680_B&L Lumify 2020_Jan20 - Dec20_XRTB_DPVR EYES,6.44633E+12,0,0,7,0,0
26-Feb-20,Bausch & Lomb Inc,6.71902E+12,201912.2680_B&L Lumify 2020_Jan20 - Dec20_XRTB_DPVR EYES,6.44633E+12,0,0,0,0,0
27-Feb-20,Bausch & Lomb Inc,6.71902E+12,201912.2680_B&L Lumify 2020_Jan20 - Dec20_XRTB_DPVR EYES,6.44633E+12,0,0,0,0,0
28-Feb-20,Bausch & Lomb Inc,6.71902E+12,201912.2680_B&L Lumify 2020_Jan20 - Dec20_XRTB_DPVR EYES,6.44633E+12,0,0,0,0,0
29-Feb-20,Bausch & Lomb Inc,6.71902E+12,201912.2680_B&L Lumify 2020_Jan20 - Dec20_XRTB_DPVR EYES,6.44633E+12,0,0,0,0,0
1-Mar-20,Bausch & Lomb Inc,6.71902E+12,201912.2680_B&L Lumify 2020_Jan20 - Dec20_XRTB_DPVR EYES,6.44633E+12,0,0,0,0,0
2-Mar-20,Bausch & Lomb Inc,6.71902E+12,201912.2680_B&L Lumify 2020_Jan20 - Dec20_XRTB_DPVR EYES,6.44633E+12,0,0,0,0,0
3-Mar-20,Bausch & Lomb Inc,6.71902E+12,201912.2680_B&L Lumify 2020_Jan20 - Dec20_XRTB_DPVR EYES,6.44633E+12,0,0,0,0,0
4-Mar-20,Bausch & Lomb Inc,6.71902E+12,201912.2680_B&L Lumify 2020_Jan20 - Dec20_XRTB_DPVR EYES,6.44633E+12,0,0,0,0,0
5-Mar-20,Bausch & Lomb Inc,6.71902E+12,201912.2680_B&L Lumify 2020_Jan20 - Dec20_XRTB_DPVR EYES,6.44633E+12,0,0,1,0,0
6-Mar-20,Bausch & Lomb Inc,6.71902E+12,201912.2680_B&L Lumify 2020_Jan20 - Dec20_XRTB_DPVR EYES,6.44633E+12,0,0,6,3,57.72
7-Mar-20,Bausch & Lomb Inc,6.71902E+12,201912.2680_B&L Lumify 2020_Jan20 - Dec20_XRTB_DPVR EYES,6.44633E+12,0,0,1,0,0
8-Mar-20,Bausch & Lomb Inc,6.71902E+12,201912.2680_B&L Lumify 2020_Jan20 - Dec20_XRTB_DPVR EYES,6.44633E+12,0,0,0,0,0
9-Mar-20,Bausch & Lomb Inc,6.71902E+12,201912.2680_B&L Lumify 2020_Jan20 - Dec20_XRTB_DPVR EYES,6.44633E+12,0,0,0,0,0
10-Mar-20,Bausch & Lomb Inc,6.71902E+12,201912.2680_B&L Lumify 2020_Jan20 - Dec20_XRTB_DPVR EYES,6.44633E+12,0,0,0,0,0
11-Mar-20,Bausch & Lomb Inc,6.71902E+12,201912.2680_B&L Lumify 2020_Jan20 - Dec20_XRTB_DPVR EYES,6.44633E+12,0,0,0,0,0
12-Mar-20,Bausch & Lomb Inc,6.71902E+12,201912.2680_B&L Lumify 2020_Jan20 - Dec20_XRTB_DPVR EYES,6.44633E+12,303.92,85311,73,0,0
13-Mar-20,Bausch & Lomb Inc,6.71902E+12,201912.2680_B&L Lumify 2020_Jan20 - Dec20_XRTB_DPVR EYES,6.44633E+12,564.59,193081,211,3,47.36
14-Mar-20,Bausch & Lomb Inc,6.71902E+12,201912.2680_B&L Lumify 2020_Jan20 - Dec20_XRTB_DPVR EYES,6.44633E+12,548.55,189124,196,8,161.77
15-Mar-20,Bausch & Lomb Inc,6.71902E+12,201912.2680_B&L Lumify 2020_Jan20 - Dec20_XRTB_DPVR EYES,6.44633E+12,515.96,185407,226,11,225.98
16-Mar-20,Bausch & Lomb Inc,6.71902E+12,201912.2680_B&L Lumify 2020_Jan20 - Dec20_XRTB_DPVR EYES,6.44633E+12,618.35,208679,177,11,184.21
17-Mar-20,Bausch & Lomb Inc,6.71902E+12,201912.2680_B&L Lumify 2020_Jan20 - Dec20_XRTB_DPVR EYES,6.44633E+12,612.65,203430,170,6,171.7
18-Mar-20,Bausch & Lomb Inc,6.71902E+12,201912.2680_B&L Lumify 2020_Jan20 - Dec20_XRTB_DPVR EYES,6.44633E+12,457.59,149804,124,9,171.5
19-Mar-20,Bausch & Lomb Inc,6.71902E+12,201912.2680_B&L Lumify 2020_Jan20 - Dec20_XRTB_DPVR EYES,6.44633E+12,0,0,41,10,226.86
20-Mar-20,Bausch & Lomb Inc,6.71902E+12,201912.2680_B&L Lumify 2020_Jan20 - Dec20_XRTB_DPVR EYES,6.44633E+12,0,0,43,8,228.02
21-Mar-20,Bausch & Lomb Inc,6.71902E+12,201912.2680_B&L Lumify 2020_Jan20 - Dec20_XRTB_DPVR EYES,6.44633E+12,0,0,32,1,34.3
22-Mar-20,Bausch & Lomb Inc,6.71902E+12,201912.2680_B&L Lumify 2020_Jan20 - Dec20_XRTB_DPVR EYES,6.44633E+12,0,0,41,15,365.24
23-Mar-20,Bausch & Lomb Inc,6.71902E+12,201912.2680_B&L Lumify 2020_Jan20 - Dec20_XRTB_DPVR EYES,6.44633E+12,0,0,26,3,60.93
24-Mar-20,Bausch & Lomb Inc,6.71902E+12,201912.2680_B&L Lumify 2020_Jan20 - Dec20_XRTB_DPVR EYES,6.44633E+12,0,0,39,8,158.77
25-Mar-20,Bausch & Lomb Inc,6.71902E+12,201912.2680_B&L Lumify 2020_Jan20 - Dec20_XRTB_DPVR EYES,6.44633E+12,0,0,35,5,84.75
26-Mar-20,Bausch & Lomb Inc,6.71902E+12,201912.2680_B&L Lumify 2020_Jan20 - Dec20_XRTB_DPVR EYES,6.44633E+12,0,0,17,0,0
27-Mar-20,Bausch & Lomb Inc,6.71902E+12,201912.2680_B&L Lumify 2020_Jan20 - Dec20_XRTB_DPVR EYES,6.44633E+12,0,0,20,5,89.84
28-Mar-20,Bausch & Lomb Inc,6.71902E+12,201912.2680_B&L Lumify 2020_Jan20 - Dec20_XRTB_DPVR EYES,6.44633E+12,0,0,11,4,58.26
29-Mar-20,Bausch & Lomb Inc,6.71902E+12,201912.2680_B&L Lumify 2020_Jan20 - Dec20_XRTB_DPVR EYES,6.44633E+12,0,0,12,3,84.49
30-Mar-20,Bausch & Lomb Inc,6.71902E+12,201912.2680_B&L Lumify 2020_Jan20 - Dec20_XRTB_DPVR EYES,6.44633E+12,0,0,8,3,50.62
31-Mar-20,Bausch & Lomb Inc,6.71902E+12,201912.2680_B&L Lumify 2020_Jan20 - Dec20_XRTB_DPVR EYES,6.44633E+12,0,0,7,1,33.72
1-Apr-20,Bausch & Lomb Inc,6.71902E+12,201912.2680_B&L Lumify 2020_Jan20 - Dec20_XRTB_DPVR EYES,6.44633E+12,291.03,109946,79,1,10.95
2-Apr-20,Bausch & Lomb Inc,6.71902E+12,201912.2680_B&L Lumify 2020_Jan20 - Dec20_XRTB_DPVR EYES,6.44633E+12,477.14,187795,195,3,50.44
3-Apr-20,Bausch & Lomb Inc,6.71902E+12,201912.2680_B&L Lumify 2020_Jan20 - Dec20_XRTB_DPVR EYES,6.44633E+12,463.52,157114,226,6,94.73
4-Apr-20,Bausch & Lomb Inc,6.71902E+12,201912.2680_B&L Lumify 2020_Jan20 - Dec20_XRTB_DPVR EYES,6.44633E+12,423.3,138065,223,3,66.67
5-Apr-20,Bausch & Lomb Inc,6.71902E+12,201912.2680_B&L Lumify 2020_Jan20 - Dec20_XRTB_DPVR EYES,6.44633E+12,456.02,145705,236,6,88.3
6-Apr-20,Bausch & Lomb Inc,6.71902E+12,201912.2680_B&L Lumify 2020_Jan20 - Dec20_XRTB_DPVR EYES,6.44633E+12,440.71,140102,217,11,217.05
7-Apr-20,Bausch & Lomb Inc,6.71902E+12,201912.2680_B&L Lumify 2020_Jan20 - Dec20_XRTB_DPVR EYES,6.44633E+12,450.41,143485,211,7,101.25
8-Apr-20,Bausch & Lomb Inc,6.71902E+12,201912.2680_B&L Lumify 2020_Jan20 - Dec20_XRTB_DPVR EYES,6.44633E+12,489.99,168591,216,5,72.82
9-Apr-20,Bausch & Lomb Inc,6.71902E+12,201912.2680_B&L Lumify 2020_Jan20 - Dec20_XRTB_DPVR EYES,6.44633E+12,401.95,148314,221,8,104.05
10-Apr-20,Bausch & Lomb Inc,6.71902E+12,201912.2680_B&L Lumify 2020_Jan20 - Dec20_XRTB_DPVR EYES,6.44633E+12,405.63,145578,246,5,77.92
11-Apr-20,Bausch & Lomb Inc,6.71902E+12,201912.2680_B&L Lumify 2020_Jan20 - Dec20_XRTB_DPVR EYES,6.44633E+12,406.73,149411,220,6,94.01
12-Apr-20,Bausch & Lomb Inc,6.71902E+12,201912.2680_B&L Lumify 2020_Jan20 - Dec20_XRTB_DPVR EYES,6.44633E+12,418.5,159440,311,6,134.3
13-Apr-20,Bausch & Lomb Inc,6.71902E+12,201912.2680_B&L Lumify 2020_Jan20 - Dec20_XRTB_DPVR EYES,6.44633E+12,502.31,189240,315,6,70.52
14-Apr-20,Bausch & Lomb Inc,6.71902E+12,201912.2680_B&L Lumify 2020_Jan20 - Dec20_XRTB_DPVR EYES,6.44633E+12,586.07,242548,319,15,260.46
15-Apr-20,Bausch & Lomb Inc,6.71902E+12,201912.2680_B&L Lumify 2020_Jan20 - Dec20_XRTB_DPVR EYES,6.44633E+12,643.07,251239,251,11,218.97
16-Apr-20,Bausch & Lomb Inc,6.71902E+12,201912.2680_B&L Lumify 2020_Jan20 - Dec20_XRTB_DPVR EYES,6.44633E+12,555.12,232082,241,9,159.6
17-Apr-20,Bausch & Lomb Inc,6.71902E+12,201912.2680_B&L Lumify 2020_Jan20 - Dec20_XRTB_DPVR EYES,6.44633E+12,571.02,238442,271,8,147.77
18-Apr-20,Bausch & Lomb Inc,6.71902E+12,201912.2680_B&L Lumify 2020_Jan20 - Dec20_XRTB_DPVR EYES,6.44633E+12,589.9,235256,222,8,138.65
19-Apr-20,Bausch & Lomb Inc,6.71902E+12,201912.2680_B&L Lumify 2020_Jan20 - Dec20_XRTB_DPVR EYES,6.44633E+12,577.22,233401,282,12,237.54
20-Apr-20,Bausch & Lomb Inc,6.71902E+12,201912.2680_B&L Lumify 2020_Jan20 - Dec20_XRTB_DPVR EYES,6.44633E+12,578.01,240327,274,16,360.28
21-Apr-20,Bausch & Lomb Inc,6.71902E+12,201912.2680_B&L Lumify 2020_Jan20 - Dec20_XRTB_DPVR EYES,6.44633E+12,568.78,239728,259,13,282.21
22-Apr-20,Bausch & Lomb Inc,6.71902E+12,201912.2680_B&L Lumify 2020_Jan20 - Dec20_XRTB_DPVR EYES,6.44633E+12,569.77,227537,284,14,242.22
23-Apr-20,Bausch & Lomb Inc,6.71902E+12,201912.2680_B&L Lumify 2020_Jan20 - Dec20_XRTB_DPVR EYES,6.44633E+12,576.48,241754,319,13,228.22
24-Apr-20,Bausch & Lomb Inc,6.71902E+12,201912.2680_B&L Lumify 2020_Jan20 - Dec20_XRTB_DPVR EYES,6.44633E+12,544.73,227353,260,15,242.67
25-Apr-20,Bausch & Lomb Inc,6.71902E+12,201912.2680_B&L Lumify 2020_Jan20 - Dec20_XRTB_DPVR EYES,6.44633E+12,573.11,232178,290,17,256.88
26-Apr-20,Bausch & Lomb Inc,6.71902E+12,201912.2680_B&L Lumify 2020_Jan20 - Dec20_XRTB_DPVR EYES,6.44633E+12,548.32,230099,302,17,338.59
27-Apr-20,Bausch & Lomb Inc,6.71902E+12,201912.2680_B&L Lumify 2020_Jan20 - Dec20_XRTB_DPVR EYES,6.44633E+12,544.99,222111,312,21,368.22
28-Apr-20,Bausch & Lomb Inc,6.71902E+12,201912.2680_B&L Lumify 2020_Jan20 - Dec20_XRTB_DPVR EYES,6.44633E+12,570,217743,321,18,353.56
29-Apr-20,Bausch & Lomb Inc,6.71902E+12,201912.2680_B&L Lumify 2020_Jan20 - Dec20_XRTB_DPVR EYES,6.44633E+12,543.4,213420,339,21,465.25
30-Apr-20,Bausch & Lomb Inc,6.71902E+12,201912.2680_B&L Lumify 2020_Jan20 - Dec20_XRTB_DPVR EYES,6.44633E+12,592.81,230361,393,13,232.39
1-May-20,Bausch & Lomb Inc,6.71902E+12,201912.2680_B&L Lumify 2020_Jan20 - Dec20_XRTB_DPVR EYES,6.44633E+12,54.07,19810,67,15,272.99
2-May-20,Bausch & Lomb Inc,6.71902E+12,201912.2680_B&L Lumify 2020_Jan20 - Dec20_XRTB_DPVR EYES,6.44633E+12,176.12,64837,142,10,189.53
3-May-20,Bausch & Lomb Inc,6.71902E+12,201912.2680_B&L Lumify 2020_Jan20 - Dec20_XRTB_DPVR EYES,6.44633E+12,161.94,58212,163,4,55.28
4-May-20,Bausch & Lomb Inc,6.71902E+12,201912.2680_B&L Lumify 2020_Jan20 - Dec20_XRTB_DPVR EYES,6.44633E+12,156.84,59541,114,11,170.54
5-May-20,Bausch & Lomb Inc,6.71902E+12,201912.2680_B&L Lumify 2020_Jan20 - Dec20_XRTB_DPVR EYES,6.44633E+12,185.08,69152,70,9,135.53
6-May-20,Bausch & Lomb Inc,6.71902E+12,201912.2680_B&L Lumify 2020_Jan20 - Dec20_XRTB_DPVR EYES,6.44633E+12,189.56,72632,149,15,228.12
7-May-20,Bausch & Lomb Inc,6.71902E+12,201912.2680_B&L Lumify 2020_Jan20 - Dec20_XRTB_DPVR EYES,6.44633E+12,175.56,69738,128,5,90.09
8-May-20,Bausch & Lomb Inc,6.71902E+12,201912.2680_B&L Lumify 2020_Jan20 - Dec20_XRTB_DPVR EYES,6.44633E+12,161.36,64107,164,9,120.46
9-May-20,Bausch & Lomb Inc,6.71902E+12,201912.2680_B&L Lumify 2020_Jan20 - Dec20_XRTB_DPVR EYES,6.44633E+12,161.48,58570,156,6,141.9
6-Jan-20,Bausch & Lomb Inc,6.71902E+12,201912.2680_B&L_Lumify 2020_Jan20 - Mar20_XRTB_DPVR BEAUTY_Male Groomer,8.25958E+12,0,0,0,0,0
7-Jan-20,Bausch & Lomb Inc,6.71902E+12,201912.2680_B&L_Lumify 2020_Jan20 - Mar20_XRTB_DPVR BEAUTY_Male Groomer,8.25958E+12,0,0,0,0,0
8-Jan-20,Bausch & Lomb Inc,6.71902E+12,201912.2680_B&L_Lumify 2020_Jan20 - Mar20_XRTB_DPVR BEAUTY_Male Groomer,8.25958E+12,0,0,0,0,0
9-Jan-20,Bausch & Lomb Inc,6.71902E+12,201912.2680_B&L_Lumify 2020_Jan20 - Mar20_XRTB_DPVR BEAUTY_Male Groomer,8.25958E+12,0,0,0,0,0
10-Jan-20,Bausch & Lomb Inc,6.71902E+12,201912.2680_B&L_Lumify 2020_Jan20 - Mar20_XRTB_DPVR BEAUTY_Male Groomer,8.25958E+12,0,0,0,0,0
11-Jan-20,Bausch & Lomb Inc,6.71902E+12,201912.2680_B&L_Lumify 2020_Jan20 - Mar20_XRTB_DPVR BEAUTY_Male Groomer,8.25958E+12,0,0,0,0,0
12-Jan-20,Bausch & Lomb Inc,6.71902E+12,201912.2680_B&L_Lumify 2020_Jan20 - Mar20_XRTB_DPVR BEAUTY_Male Groomer,8.25958E+12,0,0,0,0,0
13-Jan-20,Bausch & Lomb Inc,6.71902E+12,201912.2680_B&L_Lumify 2020_Jan20 - Mar20_XRTB_DPVR BEAUTY_Male Groomer,8.25958E+12,0,0,0,0,0
14-Jan-20,Bausch & Lomb Inc,6.71902E+12,201912.2680_B&L_Lumify 2020_Jan20 - Mar20_XRTB_DPVR BEAUTY_Male Groomer,8.25958E+12,0,0,0,0,0
15-Jan-20,Bausch & Lomb Inc,6.71902E+12,201912.2680_B&L_Lumify 2020_Jan20 - Mar20_XRTB_DPVR BEAUTY_Male Groomer,8.25958E+12,0,0,0,0,0
16-Jan-20,Bausch & Lomb Inc,6.71902E+12,201912.2680_B&L_Lumify 2020_Jan20 - Mar20_XRTB_DPVR BEAUTY_Male Groomer,8.25958E+12,0,0,0,0,0
17-Jan-20,Bausch & Lomb Inc,6.71902E+12,201912.2680_B&L_Lumify 2020_Jan20 - Mar20_XRTB_DPVR BEAUTY_Male Groomer,8.25958E+12,0,0,0,0,0
18-Jan-20,Bausch & Lomb Inc,6.71902E+12,201912.2680_B&L_Lumify 2020_Jan20 - Mar20_XRTB_DPVR BEAUTY_Male Groomer,8.25958E+12,0,0,0,0,0
19-Jan-20,Bausch & Lomb Inc,6.71902E+12,201912.2680_B&L_Lumify 2020_Jan20 - Mar20_XRTB_DPVR BEAUTY_Male Groomer,8.25958E+12,0,0,0,0,0
20-Jan-20,Bausch & Lomb Inc,6.71902E+12,201912.2680_B&L_Lumify 2020_Jan20 - Mar20_XRTB_DPVR BEAUTY_Male Groomer,8.25958E+12,0,0,0,0,0
21-Jan-20,Bausch & Lomb Inc,6.71902E+12,201912.2680_B&L_Lumify 2020_Jan20 - Mar20_XRTB_DPVR BEAUTY_Male Groomer,8.25958E+12,0,0,0,0,0
22-Jan-20,Bausch & Lomb Inc,6.71902E+12,201912.2680_B&L_Lumify 2020_Jan20 - Mar20_XRTB_DPVR BEAUTY_Male Groomer,8.25958E+12,0,0,0,0,0
23-Jan-20,Bausch & Lomb Inc,6.71902E+12,201912.2680_B&L_Lumify 2020_Jan20 - Mar20_XRTB_DPVR BEAUTY_Male Groomer,8.25958E+12,0,0,0,0,0
24-Jan-20,Bausch & Lomb Inc,6.71902E+12,201912.2680_B&L_Lumify 2020_Jan20 - Mar20_XRTB_DPVR BEAUTY_Male Groomer,8.25958E+12,299.02,76945,161,4,60.4
25-Jan-20,Bausch & Lomb Inc,6.71902E+12,201912.2680_B&L_Lumify 2020_Jan20 - Mar20_XRTB_DPVR BEAUTY_Male Groomer,8.25958E+12,897.22,218928,502,16,248.34
26-Jan-20,Bausch & Lomb Inc,6.71902E+12,201912.2680_B&L_Lumify 2020_Jan20 - Mar20_XRTB_DPVR BEAUTY_Male Groomer,8.25958E+12,897.1,218464,505,17,320.6
27-Jan-20,Bausch & Lomb Inc,6.71902E+12,201912.2680_B&L_Lumify 2020_Jan20 - Mar20_XRTB_DPVR BEAUTY_Male Groomer,8.25958E+12,898.7,229364,305,7,113.68
28-Jan-20,Bausch & Lomb Inc,6.71902E+12,201912.2680_B&L_Lumify 2020_Jan20 - Mar20_XRTB_DPVR BEAUTY_Male Groomer,8.25958E+12,897.82,234240,294,8,128.83
29-Jan-20,Bausch & Lomb Inc,6.71902E+12,201912.2680_B&L_Lumify 2020_Jan20 - Mar20_XRTB_DPVR BEAUTY_Male Groomer,8.25958E+12,896.19,231438,275,5,72.91
30-Jan-20,Bausch & Lomb Inc,6.71902E+12,201912.2680_B&L_Lumify 2020_Jan20 - Mar20_XRTB_DPVR BEAUTY_Male Groomer,8.25958E+12,898.23,233548,281,5,96.51
31-Jan-20,Bausch & Lomb Inc,6.71902E+12,201912.2680_B&L_Lumify 2020_Jan20 - Mar20_XRTB_DPVR BEAUTY_Male Groomer,8.25958E+12,902.28,237452,339,6,77.64
1-Feb-20,Bausch & Lomb Inc,6.71902E+12,201912.2680_B&L_Lumify 2020_Jan20 - Mar20_XRTB_DPVR BEAUTY_Male Groomer,8.25958E+12,0,0,44,2,26.98
2-Feb-20,Bausch & Lomb Inc,6.71902E+12,201912.2680_B&L_Lumify 2020_Jan20 - Mar20_XRTB_DPVR BEAUTY_Male Groomer,8.25958E+12,0,0,33,6,96.82
3-Feb-20,Bausch & Lomb Inc,6.71902E+12,201912.2680_B&L_Lumify 2020_Jan20 - Mar20_XRTB_DPVR BEAUTY_Male Groomer,8.25958E+12,0,0,34,8,106.21
4-Feb-20,Bausch & Lomb Inc,6.71902E+12,201912.2680_B&L_Lumify 2020_Jan20 - Mar20_XRTB_DPVR BEAUTY_Male Groomer,8.25958E+12,18.02,5149,34,2,50.67
5-Feb-20,Bausch & Lomb Inc,6.71902E+12,201912.2680_B&L_Lumify 2020_Jan20 - Mar20_XRTB_DPVR BEAUTY_Male Groomer,8.25958E+12,46.53,11887,66,6,88.42
6-Feb-20,Bausch & Lomb Inc,6.71902E+12,201912.2680_B&L_Lumify 2020_Jan20 - Mar20_XRTB_DPVR BEAUTY_Male Groomer,8.25958E+12,54.78,14243,83,10,216.11
7-Feb-20,Bausch & Lomb Inc,6.71902E+12,201912.2680_B&L_Lumify 2020_Jan20 - Mar20_XRTB_DPVR BEAUTY_Male Groomer,8.25958E+12,46.24,12325,89,6,110.1
8-Feb-20,Bausch & Lomb Inc,6.71902E+12,201912.2680_B&L_Lumify 2020_Jan20 - Mar20_XRTB_DPVR BEAUTY_Male Groomer,8.25958E+12,46.56,12507,62,5,75.51
9-Feb-20,Bausch & Lomb Inc,6.71902E+12,201912.2680_B&L_Lumify 2020_Jan20 - Mar20_XRTB_DPVR BEAUTY_Male Groomer,8.25958E+12,46.21,12530,66,6,111.39
10-Feb-20,Bausch & Lomb Inc,6.71902E+12,201912.2680_B&L_Lumify 2020_Jan20 - Mar20_XRTB_DPVR BEAUTY_Male Groomer,8.25958E+12,47.83,12611,78,11,178.63
11-Feb-20,Bausch & Lomb Inc,6.71902E+12,201912.2680_B&L_Lumify 2020_Jan20 - Mar20_XRTB_DPVR BEAUTY_Male Groomer,8.25958E+12,46.03,12314,78,12,192.91
12-Feb-20,Bausch & Lomb Inc,6.71902E+12,201912.2680_B&L_Lumify 2020_Jan20 - Mar20_XRTB_DPVR BEAUTY_Male Groomer,8.25958E+12,46.04,12842,64,10,149.27
13-Feb-20,Bausch & Lomb Inc,6.71902E+12,201912.2680_B&L_Lumify 2020_Jan20 - Mar20_XRTB_DPVR BEAUTY_Male Groomer,8.25958E+12,46.16,12253,52,4,58.53
14-Feb-20,Bausch & Lomb Inc,6.71902E+12,201912.2680_B&L_Lumify 2020_Jan20 - Mar20_XRTB_DPVR BEAUTY_Male Groomer,8.25958E+12,46.12,12217,61,7,106.24
15-Feb-20,Bausch & Lomb Inc,6.71902E+12,201912.2680_B&L_Lumify 2020_Jan20 - Mar20_XRTB_DPVR BEAUTY_Male Groomer,8.25958E+12,46.16,12450,44,7,111.51
16-Feb-20,Bausch & Lomb Inc,6.71902E+12,201912.2680_B&L_Lumify 2020_Jan20 - Mar20_XRTB_DPVR BEAUTY_Male Groomer,8.25958E+12,46.15,12170,49,6,93.72
17-Feb-20,Bausch & Lomb Inc,6.71902E+12,201912.2680_B&L_Lumify 2020_Jan20 - Mar20_XRTB_DPVR BEAUTY_Male Groomer,8.25958E+12,46.14,12085,61,5,66.22
18-Feb-20,Bausch & Lomb Inc,6.71902E+12,201912.2680_B&L_Lumify 2020_Jan20 - Mar20_XRTB_DPVR BEAUTY_Male Groomer,8.25958E+12,46.11,12585,63,5,56.28
19-Feb-20,Bausch & Lomb Inc,6.71902E+12,201912.2680_B&L_Lumify 2020_Jan20 - Mar20_XRTB_DPVR BEAUTY_Male Groomer,8.25958E+12,46.1,12328,63,12,187.1
20-Feb-20,Bausch & Lomb Inc,6.71902E+12,201912.2680_B&L_Lumify 2020_Jan20 - Mar20_XRTB_DPVR BEAUTY_Male Groomer,8.25958E+12,221.27,57343,85,7,101.16
21-Feb-20,Bausch & Lomb Inc,6.71902E+12,201912.2680_B&L_Lumify 2020_Jan20 - Mar20_XRTB_DPVR BEAUTY_Male Groomer,8.25958E+12,342.8,86332,178,7,99.09
22-Feb-20,Bausch & Lomb Inc,6.71902E+12,201912.2680_B&L_Lumify 2020_Jan20 - Mar20_XRTB_DPVR BEAUTY_Male Groomer,8.25958E+12,452.02,117790,278,5,87.74
23-Feb-20,Bausch & Lomb Inc,6.71902E+12,201912.2680_B&L_Lumify 2020_Jan20 - Mar20_XRTB_DPVR BEAUTY_Male Groomer,8.25958E+12,454.17,123597,227,6,75.61
24-Feb-20,Bausch & Lomb Inc,6.71902E+12,201912.2680_B&L_Lumify 2020_Jan20 - Mar20_XRTB_DPVR BEAUTY_Male Groomer,8.25958E+12,313.13,94766,145,10,140.4
25-Feb-20,Bausch & Lomb Inc,6.71902E+12,201912.2680_B&L_Lumify 2020_Jan20 - Mar20_XRTB_DPVR BEAUTY_Male Groomer,8.25958E+12,0,0,11,0,0
26-Feb-20,Bausch & Lomb Inc,6.71902E+12,201912.2680_B&L_Lumify 2020_Jan20 - Mar20_XRTB_DPVR BEAUTY_Male Groomer,8.25958E+12,0,0,0,0,0
27-Feb-20,Bausch & Lomb Inc,6.71902E+12,201912.2680_B&L_Lumify 2020_Jan20 - Mar20_XRTB_DPVR BEAUTY_Male Groomer,8.25958E+12,0,0,0,0,0
28-Feb-20,Bausch & Lomb Inc,6.71902E+12,201912.2680_B&L_Lumify 2020_Jan20 - Mar20_XRTB_DPVR BEAUTY_Male Groomer,8.25958E+12,0,0,0,0,0
29-Feb-20,Bausch & Lomb Inc,6.71902E+12,201912.2680_B&L_Lumify 2020_Jan20 - Mar20_XRTB_DPVR BEAUTY_Male Groomer,8.25958E+12,0,0,0,0,0
1-Mar-20,Bausch & Lomb Inc,6.71902E+12,201912.2680_B&L_Lumify 2020_Jan20 - Mar20_XRTB_DPVR BEAUTY_Male Groomer,8.25958E+12,0,0,0,0,0
2-Mar-20,Bausch & Lomb Inc,6.71902E+12,201912.2680_B&L_Lumify 2020_Jan20 - Mar20_XRTB_DPVR BEAUTY_Male Groomer,8.25958E+12,111.69,30370,0,0,0
3-Mar-20,Bausch & Lomb Inc,6.71902E+12,201912.2680_B&L_Lumify 2020_Jan20 - Mar20_XRTB_DPVR BEAUTY_Male Groomer,8.25958E+12,364.58,108716,0,0,0
4-Mar-20,Bausch & Lomb Inc,6.71902E+12,201912.2680_B&L_Lumify 2020_Jan20 - Mar20_XRTB_DPVR BEAUTY_Male Groomer,8.25958E+12,114.14,32723,0,0,0
5-Mar-20,Bausch & Lomb Inc,6.71902E+12,201912.2680_B&L_Lumify 2020_Jan20 - Mar20_XRTB_DPVR BEAUTY_Male Groomer,8.25958E+12,0,0,0,0,0
6-Mar-20,Bausch & Lomb Inc,6.71902E+12,201912.2680_B&L_Lumify 2020_Jan20 - Mar20_XRTB_DPVR BEAUTY_Male Groomer,8.25958E+12,0,0,15,0,0
7-Mar-20,Bausch & Lomb Inc,6.71902E+12,201912.2680_B&L_Lumify 2020_Jan20 - Mar20_XRTB_DPVR BEAUTY_Male Groomer,8.25958E+12,0,0,8,0,0
8-Mar-20,Bausch & Lomb Inc,6.71902E+12,201912.2680_B&L_Lumify 2020_Jan20 - Mar20_XRTB_DPVR BEAUTY_Male Groomer,8.25958E+12,0,0,9,0,0
9-Mar-20,Bausch & Lomb Inc,6.71902E+12,201912.2680_B&L_Lumify 2020_Jan20 - Mar20_XRTB_DPVR BEAUTY_Male Groomer,8.25958E+12,0,0,1,0,0
10-Mar-20,Bausch & Lomb Inc,6.71902E+12,201912.2680_B&L_Lumify 2020_Jan20 - Mar20_XRTB_DPVR BEAUTY_Male Groomer,8.25958E+12,0,0,8,0,0
11-Mar-20,Bausch & Lomb Inc,6.71902E+12,201912.2680_B&L_Lumify 2020_Jan20 - Mar20_XRTB_DPVR BEAUTY_Male Groomer,8.25958E+12,246.44,73656,50,4,99.56
12-Mar-20,Bausch & Lomb Inc,6.71902E+12,201912.2680_B&L_Lumify 2020_Jan20 - Mar20_XRTB_DPVR BEAUTY_Male Groomer,8.25958E+12,569.42,190973,118,1,16.81
13-Mar-20,Bausch & Lomb Inc,6.71902E+12,201912.2680_B&L_Lumify 2020_Jan20 - Mar20_XRTB_DPVR BEAUTY_Male Groomer,8.25958E+12,691.51,206975,160,9,173.55
14-Mar-20,Bausch & Lomb Inc,6.71902E+12,201912.2680_B&L_Lumify 2020_Jan20 - Mar20_XRTB_DPVR BEAUTY_Male Groomer,8.25958E+12,858.87,270126,236,7,111.74
15-Mar-20,Bausch & Lomb Inc,6.71902E+12,201912.2680_B&L_Lumify 2020_Jan20 - Mar20_XRTB_DPVR BEAUTY_Male Groomer,8.25958E+12,562.82,175497,309,4,54.32
16-Mar-20,Bausch & Lomb Inc,6.71902E+12,201912.2680_B&L_Lumify 2020_Jan20 - Mar20_XRTB_DPVR BEAUTY_Male Groomer,8.25958E+12,541.36,178276,264,8,154.53
17-Mar-20,Bausch & Lomb Inc,6.71902E+12,201912.2680_B&L_Lumify 2020_Jan20 - Mar20_XRTB_DPVR BEAUTY_Male Groomer,8.25958E+12,485.28,157287,292,8,147.33
18-Mar-20,Bausch & Lomb Inc,6.71902E+12,201912.2680_B&L_Lumify 2020_Jan20 - Mar20_XRTB_DPVR BEAUTY_Male Groomer,8.25958E+12,369.22,122381,201,4,79.7
19-Mar-20,Bausch & Lomb Inc,6.71902E+12,201912.2680_B&L_Lumify 2020_Jan20 - Mar20_XRTB_DPVR BEAUTY_Male Groomer,8.25958E+12,0,0,20,1,17.15
20-Mar-20,Bausch & Lomb Inc,6.71902E+12,201912.2680_B&L_Lumify 2020_Jan20 - Mar20_XRTB_DPVR BEAUTY_Male Groomer,8.25958E+12,0,0,25,2,28.27
21-Mar-20,Bausch & Lomb Inc,6.71902E+12,201912.2680_B&L_Lumify 2020_Jan20 - Mar20_XRTB_DPVR BEAUTY_Male Groomer,8.25958E+12,0,0,23,1,11.1
22-Mar-20,Bausch & Lomb Inc,6.71902E+12,201912.2680_B&L_Lumify 2020_Jan20 - Mar20_XRTB_DPVR BEAUTY_Male Groomer,8.25958E+12,0,0,26,6,107.95
23-Mar-20,Bausch & Lomb Inc,6.71902E+12,201912.2680_B&L_Lumify 2020_Jan20 - Mar20_XRTB_DPVR BEAUTY_Male Groomer,8.25958E+12,0,0,30,2,34.12
24-Mar-20,Bausch & Lomb Inc,6.71902E+12,201912.2680_B&L_Lumify 2020_Jan20 - Mar20_XRTB_DPVR BEAUTY_Male Groomer,8.25958E+12,0,0,34,3,45.04
25-Mar-20,Bausch & Lomb Inc,6.71902E+12,201912.2680_B&L_Lumify 2020_Jan20 - Mar20_XRTB_DPVR BEAUTY_Male Groomer,8.25958E+12,0,0,19,5,112.8
26-Mar-20,Bausch & Lomb Inc,6.71902E+12,201912.2680_B&L_Lumify 2020_Jan20 - Mar20_XRTB_DPVR BEAUTY_Male Groomer,8.25958E+12,0,0,11,3,50.69
27-Mar-20,Bausch & Lomb Inc,6.71902E+12,201912.2680_B&L_Lumify 2020_Jan20 - Mar20_XRTB_DPVR BEAUTY_Male Groomer,8.25958E+12,0,0,17,1,15.97
28-Mar-20,Bausch & Lomb Inc,6.71902E+12,201912.2680_B&L_Lumify 2020_Jan20 - Mar20_XRTB_DPVR BEAUTY_Male Groomer,8.25958E+12,0,0,5,0,0
29-Mar-20,Bausch & Lomb Inc,6.71902E+12,201912.2680_B&L_Lumify 2020_Jan20 - Mar20_XRTB_DPVR BEAUTY_Male Groomer,8.25958E+12,0,0,7,0,0
30-Mar-20,Bausch & Lomb Inc,6.71902E+12,201912.2680_B&L_Lumify 2020_Jan20 - Mar20_XRTB_DPVR BEAUTY_Male Groomer,8.25958E+12,0,0,3,1,16.86
31-Mar-20,Bausch & Lomb Inc,6.71902E+12,201912.2680_B&L_Lumify 2020_Jan20 - Mar20_XRTB_DPVR BEAUTY_Male Groomer,8.25958E+12,0,0,3,1,16.88
1-Apr-20,Bausch & Lomb Inc,6.71902E+12,201912.2680_B&L_Lumify 2020_Jan20 - Mar20_XRTB_DPVR BEAUTY_Male Groomer,8.25958E+12,154.35,50495,57,2,32.83
2-Apr-20,Bausch & Lomb Inc,6.71902E+12,201912.2680_B&L_Lumify 2020_Jan20 - Mar20_XRTB_DPVR BEAUTY_Male Groomer,8.25958E+12,212.8,78460,217,3,50.24
3-Apr-20,Bausch & Lomb Inc,6.71902E+12,201912.2680_B&L_Lumify 2020_Jan20 - Mar20_XRTB_DPVR BEAUTY_Male Groomer,8.25958E+12,214.22,68678,174,4,58.88
4-Apr-20,Bausch & Lomb Inc,6.71902E+12,201912.2680_B&L_Lumify 2020_Jan20 - Mar20_XRTB_DPVR BEAUTY_Male Groomer,8.25958E+12,241.15,73752,133,2,33.36
5-Apr-20,Bausch & Lomb Inc,6.71902E+12,201912.2680_B&L_Lumify 2020_Jan20 - Mar20_XRTB_DPVR BEAUTY_Male Groomer,8.25958E+12,320.42,85088,121,3,49.88
6-Apr-20,Bausch & Lomb Inc,6.71902E+12,201912.2680_B&L_Lumify 2020_Jan20 - Mar20_XRTB_DPVR BEAUTY_Male Groomer,8.25958E+12,319.45,90914,130,1,16.22
7-Apr-20,Bausch & Lomb Inc,6.71902E+12,201912.2680_B&L_Lumify 2020_Jan20 - Mar20_XRTB_DPVR BEAUTY_Male Groomer,8.25958E+12,334.16,92136,163,1,16.18
8-Apr-20,Bausch & Lomb Inc,6.71902E+12,201912.2680_B&L_Lumify 2020_Jan20 - Mar20_XRTB_DPVR BEAUTY_Male Groomer,8.25958E+12,320.09,96832,190,3,50.97
9-Apr-20,Bausch & Lomb Inc,6.71902E+12,201912.2680_B&L_Lumify 2020_Jan20 - Mar20_XRTB_DPVR BEAUTY_Male Groomer,8.25958E+12,233.75,72918,122,0,0
10-Apr-20,Bausch & Lomb Inc,6.71902E+12,201912.2680_B&L_Lumify 2020_Jan20 - Mar20_XRTB_DPVR BEAUTY_Male Groomer,8.25958E+12,213.36,65755,131,1,31.36
11-Apr-20,Bausch & Lomb Inc,6.71902E+12,201912.2680_B&L_Lumify 2020_Jan20 - Mar20_XRTB_DPVR BEAUTY_Male Groomer,8.25958E+12,195.86,60959,152,0,0
12-Apr-20,Bausch & Lomb Inc,6.71902E+12,201912.2680_B&L_Lumify 2020_Jan20 - Mar20_XRTB_DPVR BEAUTY_Male Groomer,8.25958E+12,181.21,59309,179,3,51.88
13-Apr-20,Bausch & Lomb Inc,6.71902E+12,201912.2680_B&L_Lumify 2020_Jan20 - Mar20_XRTB_DPVR BEAUTY_Male Groomer,8.25958E+12,229.18,75518,215,3,44.59
14-Apr-20,Bausch & Lomb Inc,6.71902E+12,201912.2680_B&L_Lumify 2020_Jan20 - Mar20_XRTB_DPVR BEAUTY_Male Groomer,8.25958E+12,346.81,117533,263,2,33.8
15-Apr-20,Bausch & Lomb Inc,6.71902E+12,201912.2680_B&L_Lumify 2020_Jan20 - Mar20_XRTB_DPVR BEAUTY_Male Groomer,8.25958E+12,421.78,138973,166,4,46.83
16-Apr-20,Bausch & Lomb Inc,6.71902E+12,201912.2680_B&L_Lumify 2020_Jan20 - Mar20_XRTB_DPVR BEAUTY_Male Groomer,8.25958E+12,388.28,122616,190,4,69.03
17-Apr-20,Bausch & Lomb Inc,6.71902E+12,201912.2680_B&L_Lumify 2020_Jan20 - Mar20_XRTB_DPVR BEAUTY_Male Groomer,8.25958E+12,391.35,123730,202,3,42.75
18-Apr-20,Bausch & Lomb Inc,6.71902E+12,201912.2680_B&L_Lumify 2020_Jan20 - Mar20_XRTB_DPVR BEAUTY_Male Groomer,8.25958E+12,351.79,108099,232,1,18.32
19-Apr-20,Bausch & Lomb Inc,6.71902E+12,201912.2680_B&L_Lumify 2020_Jan20 - Mar20_XRTB_DPVR BEAUTY_Male Groomer,8.25958E+12,273.51,88024,205,3,54.39
20-Apr-20,Bausch & Lomb Inc,6.71902E+12,201912.2680_B&L_Lumify 2020_Jan20 - Mar20_XRTB_DPVR BEAUTY_Male Groomer,8.25958E+12,254.31,84973,228,1,17.7
21-Apr-20,Bausch & Lomb Inc,6.71902E+12,201912.2680_B&L_Lumify 2020_Jan20 - Mar20_XRTB_DPVR BEAUTY_Male Groomer,8.25958E+12,242.26,87057,206,2,35.66
22-Apr-20,Bausch & Lomb Inc,6.71902E+12,201912.2680_B&L_Lumify 2020_Jan20 - Mar20_XRTB_DPVR BEAUTY_Male Groomer,8.25958E+12,250.43,87880,211,2,35.72
23-Apr-20,Bausch & Lomb Inc,6.71902E+12,201912.2680_B&L_Lumify 2020_Jan20 - Mar20_XRTB_DPVR BEAUTY_Male Groomer,8.25958E+12,283.57,98866,237,3,53.58
24-Apr-20,Bausch & Lomb Inc,6.71902E+12,201912.2680_B&L_Lumify 2020_Jan20 - Mar20_XRTB_DPVR BEAUTY_Male Groomer,8.25958E+12,229.57,76659,181,4,59.02
25-Apr-20,Bausch & Lomb Inc,6.71902E+12,201912.2680_B&L_Lumify 2020_Jan20 - Mar20_XRTB_DPVR BEAUTY_Male Groomer,8.25958E+12,243.01,79193,161,2,32.56
26-Apr-20,Bausch & Lomb Inc,6.71902E+12,201912.2680_B&L_Lumify 2020_Jan20 - Mar20_XRTB_DPVR BEAUTY_Male Groomer,8.25958E+12,252.69,83736,189,4,55.95
27-Apr-20,Bausch & Lomb Inc,6.71902E+12,201912.2680_B&L_Lumify 2020_Jan20 - Mar20_XRTB_DPVR BEAUTY_Male Groomer,8.25958E+12,240.33,83290,157,7,129.36
28-Apr-20,Bausch & Lomb Inc,6.71902E+12,201912.2680_B&L_Lumify 2020_Jan20 - Mar20_XRTB_DPVR BEAUTY_Male Groomer,8.25958E+12,140.23,47289,130,2,33.42
29-Apr-20,Bausch & Lomb Inc,6.71902E+12,201912.2680_B&L_Lumify 2020_Jan20 - Mar20_XRTB_DPVR BEAUTY_Male Groomer,8.25958E+12,148.97,51009,187,2,26.19
30-Apr-20,Bausch & Lomb Inc,6.71902E+12,201912.2680_B&L_Lumify 2020_Jan20 - Mar20_XRTB_DPVR BEAUTY_Male Groomer,8.25958E+12,91.39,29773,221,2,32.78
1-May-20,Bausch & Lomb Inc,6.71902E+12,201912.2680_B&L_Lumify 2020_Jan20 - Mar20_XRTB_DPVR BEAUTY_Male Groomer,8.25958E+12,97.43,33458,39,4,55.91
2-May-20,Bausch & Lomb Inc,6.71902E+12,201912.2680_B&L_Lumify 2020_Jan20 - Mar20_XRTB_DPVR BEAUTY_Male Groomer,8.25958E+12,305.17,100953,310,3,50.41
3-May-20,Bausch & Lomb Inc,6.71902E+12,201912.2680_B&L_Lumify 2020_Jan20 - Mar20_XRTB_DPVR BEAUTY_Male Groomer,8.25958E+12,303.53,96486,423,3,45.6
4-May-20,Bausch & Lomb Inc,6.71902E+12,201912.2680_B&L_Lumify 2020_Jan20 - Mar20_XRTB_DPVR BEAUTY_Male Groomer,8.25958E+12,305.16,105142,240,0,0
5-May-20,Bausch & Lomb Inc,6.71902E+12,201912.2680_B&L_Lumify 2020_Jan20 - Mar20_XRTB_DPVR BEAUTY_Male Groomer,8.25958E+12,367.42,111394,37,3,47.18
6-May-20,Bausch & Lomb Inc,6.71902E+12,201912.2680_B&L_Lumify 2020_Jan20 - Mar20_XRTB_DPVR BEAUTY_Male Groomer,8.25958E+12,462.13,144444,243,3,78.19
7-May-20,Bausch & Lomb Inc,6.71902E+12,201912.2680_B&L_Lumify 2020_Jan20 - Mar20_XRTB_DPVR BEAUTY_Male Groomer,8.25958E+12,297.74,110929,321,2,32.21
8-May-20,Bausch & Lomb Inc,6.71902E+12,201912.2680_B&L_Lumify 2020_Jan20 - Mar20_XRTB_DPVR BEAUTY_Male Groomer,8.25958E+12,306.91,115717,305,3,71.24
9-May-20,Bausch & Lomb Inc,6.71902E+12,201912.2680_B&L_Lumify 2020_Jan20 - Mar20_XRTB_DPVR BEAUTY_Male Groomer,8.25958E+12,283.41,109207,234,2,64.76
